trend_window,trend_threshold,rebalance,state_confirm,matrix_name,sizing_mode,train_excess_return,train_max_drawdown,train_benchmark_drawdown,train_pass_dd,train_sharpe,holdout_excess_return,holdout_max_drawdown,holdout_benchmark_drawdown,holdout_pass_dd,holdout_sharpe,train_drawdown_gap,holdout_drawdown_gap,label
21,0.15,daily,1,aggressive,matrix,0.0710172871056193,-0.0885843089814395,-0.1977821043568194,True,1.7816695563254057,0.0682084955210036,-0.0903428667301201,-0.3392496000265326,True,2.0853248328794822,0.1091977953753799,0.2489067332964125,tw21_th0.15_rebdaily_sc1_mxaggressive
21,0.25,daily,1,aggressive,matrix,0.0667398455289173,-0.0889082666159929,-0.1977821043568194,True,1.7208329205452744,0.068058025835953,-0.0913855046864295,-0.3392496000265326,True,2.101449449485635,0.1088738377408265,0.2478640953401031,tw21_th0.25_rebdaily_sc1_mxaggressive
21,0.35,daily,1,aggressive,matrix,0.0633677294396149,-0.0913863561114776,-0.1977821043568194,True,1.697682271982051,0.0662862388354021,-0.0913855046864298,-0.3392496000265326,True,2.111702590416426,0.10639574824534179,0.24786409534010279,tw21_th0.35_rebdaily_sc1_mxaggressive
21,0.15,daily,1,default,matrix,0.0621683611091635,-0.0729883157881743,-0.1977821043568194,True,1.9555139729556463,0.0538249586737789,-0.0602100766558261,-0.3392496000265326,True,2.289778149087555,0.12479378856864509,0.2790395233707065,tw21_th0.15_rebdaily_sc1_mxdefault
21,0.25,daily,1,default,matrix,0.0578909195324615,-0.0729883157881743,-0.1977821043568194,True,1.886006057562111,0.0536744889887282,-0.0581479816267539,-0.3392496000265326,True,2.3167442997701357,0.12479378856864509,0.2811016183997787,tw21_th0.25_rebdaily_sc1_mxdefault
21,0.5,daily,1,aggressive,matrix,0.0559836687990186,-0.0885843089814395,-0.1977821043568194,True,1.6330611665080983,0.0603155151605245,-0.0913855046864297,-0.3392496000265326,True,2.055584067620239,0.1091977953753799,0.2478640953401029,tw21_th0.5_rebdaily_sc1_mxaggressive
21,0.35,daily,1,default,matrix,0.0545188034431591,-0.0748222896384617,-0.1977821043568194,True,1.8634567008067535,0.0519027019881774,-0.052943438273504,-0.3392496000265326,True,2.3357139987022535,0.1229598147183577,0.2863061617530286,tw21_th0.35_rebdaily_sc1_mxdefault
21,0.5,daily,1,default,matrix,0.0471347428025627,-0.0729883157881743,-0.1977821043568194,True,1.7930384431299655,0.0459319783132997,-0.0671955052110555,-0.3392496000265326,True,2.2802308103819597,0.12479378856864509,0.2720540948154771,tw21_th0.5_rebdaily_sc1_mxdefault
42,0.35,daily,1,aggressive,matrix,0.0422887306912446,-0.0885843089814395,-0.1977821043568194,True,1.4534575650855392,0.0162528838793463,-0.1047377496285366,-0.3392496000265326,True,1.5728042942146676,0.1091977953753799,0.234511850397996,tw42_th0.35_rebdaily_sc1_mxaggressive
42,0.5,daily,1,aggressive,matrix,0.0378765395017557,-0.0885843089814395,-0.1977821043568194,True,1.4153882478915258,0.0083695534414063,-0.1077160458948395,-0.3392496000265326,True,1.5129480631090189,0.1091977953753799,0.23153355413169308,tw42_th0.5_rebdaily_sc1_mxaggressive
42,0.25,daily,1,aggressive,matrix,0.0378560895600011,-0.0885843089814395,-0.1977821043568194,True,1.3870208512570947,0.0143744219798419,-0.0972130266064861,-0.3392496000265326,True,1.5441348808139206,0.1091977953753799,0.24203657342004647,tw42_th0.25_rebdaily_sc1_mxaggressive
42,0.15,daily,1,aggressive,matrix,0.0341871123273879,-0.0885843089814395,-0.1977821043568194,True,1.338712262605289,0.0179668582028184,-0.0953013374822481,-0.3392496000265326,True,1.5747412024191565,0.1091977953753799,0.24394826254428448,tw42_th0.15_rebdaily_sc1_mxaggressive
42,0.35,daily,1,default,matrix,0.0334398046947888,-0.0729883157881743,-0.1977821043568194,True,1.572556432213885,0.0018693470321216,-0.0915592670059661,-0.3392496000265326,True,1.68706094168631,0.12479378856864509,0.24769033302056648,tw42_th0.35_rebdaily_sc1_mxdefault
84,0.15,daily,1,aggressive,matrix,0.0330570145610889,-0.0885843089814395,-0.1977821043568194,True,1.3840232415699505,-0.0066523007358845,-0.1228247766210519,-0.3392496000265326,True,1.3638148901417932,0.1091977953753799,0.2164248234054807,tw84_th0.15_rebdaily_sc1_mxaggressive
84,0.35,daily,1,aggressive,matrix,0.0315343866748714,-0.0885843089814395,-0.1977821043568194,True,1.3646998357653752,-0.0093593713880664,-0.123993766128448,-0.3392496000265326,True,1.3665104326164683,0.1091977953753799,0.21525583389808461,tw84_th0.35_rebdaily_sc1_mxaggressive
84,0.5,daily,1,aggressive,matrix,0.03034748682787,-0.0885843089814395,-0.1977821043568194,True,1.3529614179528118,-0.0088856546064086,-0.1157892521193573,-0.3392496000265326,True,1.3836158117553452,0.1091977953753799,0.22346034790717528,tw84_th0.5_rebdaily_sc1_mxaggressive
84,0.25,daily,1,aggressive,matrix,0.0291400734658834,-0.0885843089814395,-0.1977821043568194,True,1.340585618999878,-0.0106374259582796,-0.1228247766210517,-0.3392496000265326,True,1.3351473564878376,0.1091977953753799,0.2164248234054809,tw84_th0.25_rebdaily_sc1_mxaggressive
42,0.5,daily,1,default,matrix,0.0290276135052999,-0.0729883157881743,-0.1977821043568194,True,1.531240993587805,-0.0060139834058182,-0.0910287235951272,-0.3392496000265326,True,1.6212915048925272,0.12479378856864509,0.2482208764314054,tw42_th0.5_rebdaily_sc1_mxdefault
42,0.25,daily,1,default,matrix,0.0290071635635453,-0.0729883157881743,-0.1977821043568194,True,1.4925237854316502,-9.114867382836732e-06,-0.0833461999051593,-0.3392496000265326,True,1.6502378229344192,0.12479378856864509,0.2559034001213733,tw42_th0.25_rebdaily_sc1_mxdefault
42,0.15,daily,1,default,matrix,0.0253381863309321,-0.0729883157881743,-0.1977821043568194,True,1.4348649390066042,0.0035833213555937,-0.0802235052355874,-0.3392496000265326,True,1.684178413388266,0.12479378856864509,0.2590260947909452,tw42_th0.15_rebdaily_sc1_mxdefault
84,0.15,daily,1,default,matrix,0.024208088564633,-0.0729883157881743,-0.1977821043568194,True,1.4918189802516109,-0.0210358375831092,-0.1066343214258929,-0.3392496000265326,True,1.43487347741588,0.12479378856864509,0.23261527860063969,tw84_th0.15_rebdaily_sc1_mxdefault
126,0.15,daily,1,aggressive,matrix,0.024092969508943,-0.0885843089814395,-0.1977821043568194,True,1.3041777316150205,-0.0119059557956155,-0.1227488010088984,-0.3392496000265326,True,1.2908585422266372,0.1091977953753799,0.2165007990176342,tw126_th0.15_rebdaily_sc1_mxaggressive
84,0.35,daily,1,default,matrix,0.0226854606784156,-0.0729883157881743,-0.1977821043568194,True,1.4736711100565032,-0.0237429082352911,-0.1076108666109603,-0.3392496000265326,True,1.4450975884435506,0.12479378856864509,0.23163873341557228,tw84_th0.35_rebdaily_sc1_mxdefault
126,0.35,daily,1,aggressive,matrix,0.0226071243766768,-0.0885843089814395,-0.1977821043568194,True,1.2899191293334775,-0.0111840878038356,-0.1227488010088982,-0.3392496000265326,True,1.32395742545749,0.1091977953753799,0.2165007990176344,tw126_th0.35_rebdaily_sc1_mxaggressive
126,0.25,daily,1,aggressive,matrix,0.0222936241610847,-0.0885843089814395,-0.1977821043568194,True,1.284879465208356,-0.0128260621110734,-0.1227488010088982,-0.3392496000265326,True,1.2970289124006038,0.1091977953753799,0.2165007990176344,tw126_th0.25_rebdaily_sc1_mxaggressive
84,0.5,daily,1,default,matrix,0.0214985608314142,-0.0729883157881743,-0.1977821043568194,True,1.4622424007054962,-0.0232691914536333,-0.1010033059483431,-0.3392496000265326,True,1.4681255026709836,0.12479378856864509,0.23824629407818948,tw84_th0.5_rebdaily_sc1_mxdefault
252,0.5,daily,1,aggressive,matrix,0.0210921630397549,-0.0885843089814395,-0.1977821043568194,True,1.307308415656227,0.0042507746903691,-0.0938316746886704,-0.3392496000265326,True,1.5153708305668878,0.1091977953753799,0.2454179253378622,tw252_th0.5_rebdaily_sc1_mxaggressive
126,0.5,daily,1,aggressive,matrix,0.020767492744,-0.0885843089814395,-0.1977821043568194,True,1.2679931550448444,-0.0089277151285052,-0.1146192729667339,-0.3392496000265326,True,1.3611409650128636,0.1091977953753799,0.22463032705979868,tw126_th0.5_rebdaily_sc1_mxaggressive
63,0.5,daily,1,aggressive,matrix,0.0205203700138366,-0.0885843089814395,-0.1977821043568194,True,1.225588550915944,-0.0099572514806492,-0.1228033994033218,-0.3392496000265326,True,1.3601724748122368,0.1091977953753799,0.2164462006232108,tw63_th0.5_rebdaily_sc1_mxaggressive
84,0.25,daily,1,default,matrix,0.0202911474694276,-0.0729883157881743,-0.1977821043568194,True,1.4438758666129552,-0.0250209628055043,-0.106634321425893,-0.3392496000265326,True,1.4035162334149889,0.12479378856864509,0.23261527860063957,tw84_th0.25_rebdaily_sc1_mxdefault
252,0.35,daily,1,aggressive,matrix,0.0185883351686871,-0.0885843089814395,-0.1977821043568194,True,1.2773693637537518,0.0021788905589378,-0.1055185397396061,-0.3392496000265326,True,1.495237171402388,0.1091977953753799,0.2337310602869265,tw252_th0.35_rebdaily_sc1_mxaggressive
252,0.25,daily,1,aggressive,matrix,0.018005476617548,-0.0885843089814395,-0.1977821043568194,True,1.2655409880218254,0.0067506201591787,-0.1073421577633566,-0.3392496000265326,True,1.5487777482015517,0.1091977953753799,0.231907442263176,tw252_th0.25_rebdaily_sc1_mxaggressive
63,0.35,daily,1,aggressive,matrix,0.0176837863835718,-0.0885843089814395,-0.1977821043568194,True,1.1937118898986567,-0.0090216299654574,-0.1226602320043886,-0.3392496000265326,True,1.3656326500698608,0.1091977953753799,0.216589368022144,tw63_th0.35_rebdaily_sc1_mxaggressive
252,0.15,daily,1,aggressive,matrix,0.01659296676825,-0.0885843089814395,-0.1977821043568194,True,1.2462253666775716,0.0105659934870464,-0.1073421577633566,-0.3392496000265326,True,1.575628334849822,0.1091977953753799,0.231907442263176,tw252_th0.15_rebdaily_sc1_mxaggressive
126,0.15,daily,1,default,matrix,0.0152440435124872,-0.0729883157881743,-0.1977821043568194,True,1.3995189231466414,-0.0262894926428402,-0.0856336668938559,-0.3392496000265326,True,1.3479237842470693,0.12479378856864509,0.2536159331326767,tw126_th0.15_rebdaily_sc1_mxdefault
126,0.35,daily,1,default,matrix,0.013758198380221,-0.0729883157881743,-0.1977821043568194,True,1.38640879853427,-0.0255676246510603,-0.0856336668938559,-0.3392496000265326,True,1.3912220340147037,0.12479378856864509,0.2536159331326767,tw126_th0.35_rebdaily_sc1_mxdefault
63,0.15,daily,1,aggressive,matrix,0.013618142333409,-0.0958287550791308,-0.1977821043568194,True,1.1353450540585228,-0.0048119875350655,-0.1271774317701322,-0.3392496000265326,True,1.3835835132675534,0.10195334927768859,0.2120721682564004,tw63_th0.15_rebdaily_sc1_mxaggressive
126,0.25,daily,1,default,matrix,0.0134446981646289,-0.0729883157881743,-0.1977821043568194,True,1.3785538634113097,-0.0272095989582981,-0.0856336668938561,-0.3392496000265326,True,1.35707819651263,0.12479378856864509,0.2536159331326765,tw126_th0.25_rebdaily_sc1_mxdefault
252,0.5,daily,1,default,matrix,0.0122432370432991,-0.0729883157881743,-0.1977821043568194,True,1.4089268278231146,-0.0101327621568555,-0.083951825534859,-0.3392496000265326,True,1.6151009968581198,0.12479378856864509,0.25529777449167357,tw252_th0.5_rebdaily_sc1_mxdefault
126,0.5,daily,1,default,matrix,0.0119185667475443,-0.0729883157881743,-0.1977821043568194,True,1.3627264540509665,-0.0233112519757299,-0.0771601911615385,-0.3392496000265326,True,1.4397063236076384,0.12479378856864509,0.2620894088649941,tw126_th0.5_rebdaily_sc1_mxdefault
63,0.5,daily,1,default,matrix,0.0116714440173808,-0.0729883157881743,-0.1977821043568194,True,1.310188599557972,-0.0243407883278739,-0.106612549638325,-0.3392496000265326,True,1.4422174569307222,0.12479378856864509,0.2326370503882076,tw63_th0.5_rebdaily_sc1_mxdefault
63,0.25,daily,1,aggressive,matrix,0.0104465293269638,-0.0943667726609936,-0.1977821043568194,True,1.104093370429902,-0.0074524005554903,-0.1263301236350135,-0.3392496000265326,True,1.375369253388229,0.1034153316958258,0.2129194763915191,tw63_th0.25_rebdaily_sc1_mxaggressive
252,0.35,daily,1,default,matrix,0.0097394091722313,-0.0729883157881743,-0.1977821043568194,True,1.372035912966162,-0.0122046462882868,-0.0791921923971465,-0.3392496000265326,True,1.5875026142513986,0.12479378856864509,0.2600574076293861,tw252_th0.35_rebdaily_sc1_mxdefault
252,0.25,daily,1,default,matrix,0.0091565506210922,-0.0729883157881743,-0.1977821043568194,True,1.3570168228108197,-0.0076329166880459,-0.0774654201894288,-0.3392496000265326,True,1.6468869298666662,0.12479378856864509,0.2617841798371038,tw252_th0.25_rebdaily_sc1_mxdefault
63,0.35,daily,1,default,matrix,0.008834860387116,-0.0729883157881743,-0.1977821043568194,True,1.271037096653579,-0.0234051668126822,-0.1064667397281852,-0.3392496000265326,True,1.444290949646282,0.12479378856864509,0.23278286029834738,tw63_th0.35_rebdaily_sc1_mxdefault
252,0.15,daily,1,default,matrix,0.0077440407717942,-0.0729883157881743,-0.1977821043568194,True,1.3332201076048549,-0.0038175433601782,-0.0814420276734657,-0.3392496000265326,True,1.6754023436814216,0.12479378856864509,0.2578075723530669,tw252_th0.15_rebdaily_sc1_mxdefault
63,0.15,daily,1,default,matrix,0.0047692163369532,-0.0823804910780995,-0.1977821043568194,True,1.2003140633979357,-0.0191955243822902,-0.1110673156751815,-0.3392496000265326,True,1.4598307018598908,0.1154016132787199,0.2281822843513511,tw63_th0.15_rebdaily_sc1_mxdefault
63,0.25,daily,1,default,matrix,0.0015976033305079,-0.0808967637464468,-0.1977821043568194,True,1.1650930501258776,-0.021835937402715,-0.1102043683564282,-0.3392496000265326,True,1.452802866868825,0.11688534061037259,0.22904523167010438,tw63_th0.25_rebdaily_sc1_mxdefault
21,0.35,weekly,1,aggressive,matrix,-0.0091876336614304,-0.1176893328247851,-0.1977821043568194,True,0.8580679209013048,-0.0164915355755756,-0.1258756909699566,-0.3392496000265326,True,1.2140126388600925,0.0800927715320343,0.213373909056576,tw21_th0.35_rebweekly_sc1_mxaggressive
42,0.15,weekly,1,aggressive,matrix,-0.0099567170329408,-0.1273181240982324,-0.1977821043568194,True,0.8176384611319415,-0.0450810885075322,-0.1588528101526229,-0.3392496000265326,True,0.9253790479002704,0.070463980258587,0.1803967898739097,tw42_th0.15_rebweekly_sc1_mxaggressive
21,0.5,weekly,1,aggressive,matrix,-0.010232797240872,-0.1165060964440622,-0.1977821043568194,True,0.8540495816958018,-0.0337988737230549,-0.1258756909699566,-0.3392496000265326,True,1.076295126185501,0.0812760079127572,0.213373909056576,tw21_th0.5_rebweekly_sc1_mxaggressive
42,0.15,monthly,1,aggressive,matrix,-0.0104548559791587,-0.1241283820061692,-0.1977821043568194,True,0.7733260448188983,-0.0583361199330131,-0.1753300116894212,-0.3392496000265326,True,0.7445920925340855,0.0736537223506502,0.1639195883371114,tw42_th0.15_rebmonthly_sc1_mxaggressive
42,0.35,daily,2,aggressive,matrix,-0.0106347723370165,-0.097058329418002,-0.1977821043568194,True,0.841314109896685,-0.0514023244292751,-0.1450204169597712,-0.3392496000265326,True,0.8876391370552822,0.10072377493881739,0.1942291830667614,tw42_th0.35_rebdaily_sc2_mxaggressive
42,0.15,daily,2,aggressive,matrix,-0.0108389548891183,-0.0981770577438813,-0.1977821043568194,True,0.8246440391986976,-0.0573607610648249,-0.1640223064108277,-0.3392496000265326,True,0.8249382076420803,0.09960504661293809,0.17522729361570488,tw42_th0.15_rebdaily_sc2_mxaggressive
42,0.25,daily,2,aggressive,matrix,-0.0112294039805297,-0.097058329418002,-0.1977821043568194,True,0.8242157005264453,-0.0530188748840561,-0.1325138407279174,-0.3392496000265326,True,0.8704267884140634,0.10072377493881739,0.2067357592986152,tw42_th0.25_rebdaily_sc2_mxaggressive
42,0.35,weekly,1,aggressive,matrix,-0.0116908273931397,-0.1036332596284808,-0.1977821043568194,True,0.8318838633218402,-0.0412048371548422,-0.1588528101526228,-0.3392496000265326,True,0.966846809915826,0.0941488447283386,0.1803967898739098,tw42_th0.35_rebweekly_sc1_mxaggressive
21,0.15,weekly,1,aggressive,matrix,-0.0118109015612723,-0.1154569983309057,-0.1977821043568194,True,0.8219108654060602,-0.0174518368283309,-0.1268776016347492,-0.3392496000265326,True,1.178413103901249,0.0823251060259137,0.2123719983917834,tw21_th0.15_rebweekly_sc1_mxaggressive
42,0.15,weekly,2,aggressive,matrix,-0.0125640900127155,-0.1273181240982325,-0.1977821043568194,True,0.7853020280806737,-0.0597604359589564,-0.1896570328365795,-0.3392496000265326,True,0.7588286374126244,0.07046398025858688,0.1495925671899531,tw42_th0.15_rebweekly_sc2_mxaggressive
42,0.25,weekly,1,aggressive,matrix,-0.012564707394866,-0.1273181240982325,-0.1977821043568194,True,0.7949154761105305,-0.0452659650510953,-0.1588528101526227,-0.3392496000265326,True,0.922113698376498,0.07046398025858688,0.1803967898739099,tw42_th0.25_rebweekly_sc1_mxaggressive
42,0.25,monthly,1,aggressive,matrix,-0.0128714040047046,-0.1241283820061694,-0.1977821043568194,True,0.7481274293095073,-0.0606957427588445,-0.175330011689421,-0.3392496000265326,True,0.7278971681107039,0.07365372235065,0.1639195883371116,tw42_th0.25_rebmonthly_sc1_mxaggressive
21,0.25,weekly,1,aggressive,matrix,-0.0130513467410013,-0.1302401519264958,-0.1977821043568194,True,0.8104512072634736,-0.0206004941794065,-0.126877601634749,-0.3392496000265326,True,1.1564963275194735,0.0675419524303236,0.21237199839178358,tw21_th0.25_rebweekly_sc1_mxaggressive
42,0.35,monthly,1,aggressive,matrix,-0.0145696109579408,-0.1241283820061694,-0.1977821043568194,True,0.7297651831912688,-0.0623542126312659,-0.1711361506531723,-0.3392496000265326,True,0.7228228526491909,0.07365372235065,0.16811344937336029,tw42_th0.35_rebmonthly_sc1_mxaggressive
42,0.5,daily,2,aggressive,matrix,-0.0148611466376745,-0.097058329418002,-0.1977821043568194,True,0.8165881480338585,-0.0567144834400018,-0.1619465428902978,-0.3392496000265326,True,0.8518992896124297,0.10072377493881739,0.1773030571362348,tw42_th0.5_rebdaily_sc2_mxaggressive
42,0.15,monthly,2,aggressive,matrix,-0.016402949061306,-0.1241283820061692,-0.1977821043568194,True,0.693640080037163,-0.0698225823308491,-0.1951358474624974,-0.3392496000265326,True,0.6374550409710559,0.0736537223506502,0.1441137525640352,tw42_th0.15_rebmonthly_sc2_mxaggressive
42,0.35,monthly,2,aggressive,matrix,-0.0166459208956795,-0.1241283820061693,-0.1977821043568194,True,0.7090399693018767,-0.0625336194752537,-0.1864111231483124,-0.3392496000265326,True,0.7180193134053563,0.0736537223506501,0.1528384768782202,tw42_th0.35_rebmonthly_sc2_mxaggressive
42,0.5,monthly,1,aggressive,matrix,-0.0170413404225299,-0.1064971413221849,-0.1977821043568194,True,0.7302238367709225,-0.0652649867244171,-0.168924476642222,-0.3392496000265326,True,0.7147634820056816,0.0912849630346345,0.1703251233843106,tw42_th0.5_rebmonthly_sc1_mxaggressive
63,0.15,monthly,1,aggressive,matrix,-0.0171546908146354,-0.130134749008238,-0.1977821043568194,True,0.7018058504219359,-0.0692820435837561,-0.1692817868131936,-0.3392496000265326,True,0.6631831854320257,0.0676473553485814,0.16996781321333898,tw63_th0.15_rebmonthly_sc1_mxaggressive
42,0.5,monthly,2,aggressive,matrix,-0.0173782636804273,-0.1141890838876651,-0.1977821043568194,True,0.7199403951623344,-0.0700783574283818,-0.1938485576177917,-0.3392496000265326,True,0.6543426873820349,0.08359302046915429,0.14540104240874088,tw42_th0.5_rebmonthly_sc2_mxaggressive
21,0.35,daily,2,aggressive,matrix,-0.0176130213962056,-0.1235569394341302,-0.1977821043568194,True,0.7715047729663265,-0.0268684347324274,-0.1381852565924735,-0.3392496000265326,True,1.1353888838567947,0.0742251649226892,0.2010643434340591,tw21_th0.35_rebdaily_sc2_mxaggressive
21,0.35,weekly,1,default,matrix,-0.0180365596578861,-0.1086586782258092,-0.1977821043568194,True,0.8836509584486677,-0.0308750724228002,-0.0917983071768405,-0.3392496000265326,True,1.2655209865509092,0.0891234261310102,0.24745129284969208,tw21_th0.35_rebweekly_sc1_mxdefault
63,0.25,monthly,1,aggressive,matrix,-0.0182069812385158,-0.1331761732530032,-0.1977821043568194,True,0.6910046331819721,-0.0717307828726976,-0.1902332133561751,-0.3392496000265326,True,0.6388381643381607,0.06460593110381618,0.1490163866703575,tw63_th0.25_rebmonthly_sc1_mxaggressive
42,0.5,weekly,1,aggressive,matrix,-0.0186698336464847,-0.1036332596284808,-0.1977821043568194,True,0.760493745446884,-0.0511486286732328,-0.1588528101526228,-0.3392496000265326,True,0.8898223832415796,0.0941488447283386,0.1803967898739098,tw42_th0.5_rebweekly_sc1_mxaggressive
42,0.15,weekly,1,default,matrix,-0.0188056430293966,-0.1208916491409425,-0.1977821043568194,True,0.8315729581239005,-0.0594646253547569,-0.1232651805231841,-0.3392496000265326,True,0.9222333912445112,0.0768904552158769,0.2159844195033485,tw42_th0.15_rebweekly_sc1_mxdefault
63,0.15,monthly,2,aggressive,matrix,-0.018872373054377,-0.1284120975386089,-0.1977821043568194,True,0.6708770615842161,-0.0660198384475335,-0.1736514445523974,-0.3392496000265326,True,0.6863009941701126,0.06937000681821048,0.1655981554741352,tw63_th0.15_rebmonthly_sc2_mxaggressive
21,0.5,weekly,1,default,matrix,-0.0190817232373278,-0.1086586782258092,-0.1977821043568194,True,0.880447931313193,-0.0481824105702796,-0.0917983071768403,-0.3392496000265326,True,1.1067954729170206,0.0891234261310102,0.2474512928496923,tw21_th0.5_rebweekly_sc1_mxdefault
63,0.25,monthly,2,aggressive,matrix,-0.0191938797687059,-0.1314595449161972,-0.1977821043568194,True,0.667460255960959,-0.0647272494466362,-0.1736514445523974,-0.3392496000265326,True,0.7025817928688546,0.06632255944062218,0.1655981554741352,tw63_th0.25_rebmonthly_sc2_mxaggressive
42,0.15,monthly,1,default,matrix,-0.0193037819756145,-0.1081048340972629,-0.1977821043568194,True,0.7816515350513462,-0.0727196567802378,-0.1541595146022274,-0.3392496000265326,True,0.7125517172110118,0.08967727025955649,0.1850900854243052,tw42_th0.15_rebmonthly_sc1_mxdefault
21,0.25,daily,2,aggressive,matrix,-0.0193309981505849,-0.1183492360267828,-0.1977821043568194,True,0.7406175277065133,-0.0226381421136601,-0.1402233464091847,-0.3392496000265326,True,1.1729287374824648,0.0794328683300366,0.19902625361734788,tw21_th0.25_rebdaily_sc2_mxaggressive
42,0.35,daily,2,default,matrix,-0.0194836983334723,-0.0893614766495012,-0.1977821043568194,True,0.8605110893709681,-0.0657858612764998,-0.1278394043097405,-0.3392496000265326,True,0.879345536505712,0.1084206277073182,0.2114101957167921,tw42_th0.35_rebdaily_sc2_mxdefault
21,0.5,monthly,1,aggressive,matrix,-0.0195065656175028,-0.1599224811986904,-0.1977821043568194,True,0.6916747329302628,-0.0621504429103643,-0.1978148940738308,-0.3392496000265326,True,0.7891183646482095,0.03785962315812899,0.1414347059527018,tw21_th0.5_rebmonthly_sc1_mxaggressive
42,0.25,monthly,2,aggressive,matrix,-0.0196256879987866,-0.124770946846633,-0.1977821043568194,True,0.6748599459058459,-0.0686680309987363,-0.192681879437259,-0.3392496000265326,True,0.6509236646761136,0.0730111575101864,0.1465677205892736,tw42_th0.25_rebmonthly_sc2_mxaggressive
42,0.15,daily,2,default,matrix,-0.0196878808855741,-0.092550520197569,-0.1977821043568194,True,0.8401745481961407,-0.0717442979120496,-0.147223141128277,-0.3392496000265326,True,0.8035655168965272,0.1052315841592504,0.1920264588982556,tw42_th0.15_rebdaily_sc2_mxdefault
21,0.15,monthly,1,aggressive,matrix,-0.0198589770453085,-0.1599224811986903,-0.1977821043568194,True,0.671881333042209,-0.0557601651361464,-0.1937268218599509,-0.3392496000265326,True,0.7739959531717693,0.0378596231581291,0.14552277816658168,tw21_th0.15_rebmonthly_sc1_mxaggressive
126,0.5,monthly,1,aggressive,matrix,-0.019872849388684,-0.1426709409248975,-0.1977821043568194,True,0.7000231203820904,-0.0701748175262824,-0.1692488432558891,-0.3392496000265326,True,0.6797620735429409,0.055111163431921906,0.1700007567706435,tw126_th0.5_rebmonthly_sc1_mxaggressive
42,0.35,weekly,2,aggressive,matrix,-0.0200127794636189,-0.1273181240982325,-0.1977821043568194,True,0.7097562825559054,-0.0549353665727638,-0.1896570328365794,-0.3392496000265326,True,0.8144614668372345,0.07046398025858688,0.1495925671899532,tw42_th0.35_rebweekly_sc2_mxaggressive
21,0.35,monthly,1,aggressive,matrix,-0.020073345066793,-0.1599224811986904,-0.1977821043568194,True,0.6658248265922412,-0.0576230455691195,-0.205368164995491,-0.3392496000265326,True,0.7783399857033498,0.03785962315812899,0.1338814350310416,tw21_th0.35_rebmonthly_sc1_mxaggressive
42,0.25,daily,2,default,matrix,-0.0200783299769855,-0.0893614766495011,-0.1977821043568194,True,0.8401056234490255,-0.0674024117312808,-0.1150815055332195,-0.3392496000265326,True,0.858202949392666,0.10842062770731829,0.2241680944933131,tw42_th0.25_rebdaily_sc2_mxdefault
126,0.35,monthly,1,aggressive,matrix,-0.020279905298151,-0.1478908012001194,-0.1977821043568194,True,0.6852323044780522,-0.0665423432767243,-0.1692488432558891,-0.3392496000265326,True,0.6954657661372776,0.049891303156699984,0.1700007567706435,tw126_th0.35_rebmonthly_sc1_mxaggressive
42,0.35,weekly,1,default,matrix,-0.0205397533895955,-0.0963388083501508,-0.1977821043568194,True,0.8501164052212195,-0.0555883740020669,-0.1232651805231841,-0.3392496000265326,True,0.97229652548545,0.1014432960066686,0.2159844195033485,tw42_th0.35_rebweekly_sc1_mxdefault
21,0.15,weekly,1,default,matrix,-0.0206598275577281,-0.1044771911895651,-0.1977821043568194,True,0.8403341170560041,-0.0318353736755556,-0.0932473087408252,-0.3392496000265326,True,1.220043294696029,0.0933049131672543,0.2460022912857074,tw21_th0.15_rebweekly_sc1_mxdefault
63,0.35,monthly,2,aggressive,matrix,-0.0208315779693003,-0.1241283820061694,-0.1977821043568194,True,0.6526540983889142,-0.0694407530373636,-0.1692817868131937,-0.3392496000265326,True,0.6777857884009799,0.07365372235065,0.1699678132133389,tw63_th0.35_rebmonthly_sc2_mxaggressive
42,0.15,weekly,2,default,matrix,-0.0214130160091713,-0.1208916491409424,-0.1977821043568194,True,0.7940144441648872,-0.0741439728061811,-0.1553726819687312,-0.3392496000265326,True,0.728402589240449,0.076890455215877,0.1838769180578014,tw42_th0.15_rebweekly_sc2_mxdefault
42,0.25,weekly,1,default,matrix,-0.0214136333913219,-0.1208916491409424,-0.1977821043568194,True,0.8061823426796717,-0.0596495018983199,-0.1232651805231842,-0.3392496000265326,True,0.9193978179044988,0.076890455215877,0.2159844195033484,tw42_th0.25_rebweekly_sc1_mxdefault
252,0.5,daily,2,aggressive,matrix,-0.0214776035984471,-0.1014766166802099,-0.1977821043568194,True,0.787274890265737,-0.0435551727378346,-0.1373005169817821,-0.3392496000265326,True,1.0124674817647668,0.0963054876766095,0.20194908304475048,tw252_th0.5_rebdaily_sc2_mxaggressive
63,0.35,monthly,1,aggressive,matrix,-0.0215034413481921,-0.133263300312513,-0.1977821043568194,True,0.6526184858839428,-0.0640300371497788,-0.1871367052128624,-0.3392496000265326,True,0.7227364780513303,0.0645188040443064,0.15211289481367019,tw63_th0.35_rebmonthly_sc1_mxaggressive
42,0.25,monthly,1,default,matrix,-0.0217203300011604,-0.108104834097263,-0.1977821043568194,True,0.7542056660022425,-0.0750792796060692,-0.1541595146022273,-0.3392496000265326,True,0.6944187218112309,0.0896772702595564,0.1850900854243053,tw42_th0.25_rebmonthly_sc1_mxdefault
21,0.25,monthly,1,aggressive,matrix,-0.0217616911142362,-0.1599224811986904,-0.1977821043568194,True,0.6501937867519496,-0.056637467863031,-0.1937268218599508,-0.3392496000265326,True,0.7756625432495585,0.03785962315812899,0.1455227781665818,tw21_th0.25_rebmonthly_sc1_mxaggressive
252,0.35,daily,2,aggressive,matrix,-0.0218418386159562,-0.0903828312997679,-0.1977821043568194,True,0.7805594254337663,-0.0401639059103693,-0.1373005169817823,-0.3392496000265326,True,1.0350457314453336,0.10739927305705149,0.2019490830447503,tw252_th0.35_rebdaily_sc2_mxaggressive
21,0.25,weekly,1,default,matrix,-0.0219002727374571,-0.1126318389299396,-0.1977821043568194,True,0.8275674599861002,-0.0349840310266312,-0.0965720204952264,-0.3392496000265326,True,1.1960768433538105,0.0851502654268798,0.2426775795313062,tw21_th0.25_rebweekly_sc1_mxdefault
42,0.25,weekly,2,aggressive,matrix,-0.0220808934766745,-0.1406130212594126,-0.1977821043568194,True,0.6835910946025221,-0.0593874607121122,-0.1896570328365795,-0.3392496000265326,True,0.7711941043369619,0.057169083097406787,0.1495925671899531,tw42_th0.25_rebweekly_sc2_mxaggressive
21,0.5,monthly,2,aggressive,matrix,-0.0222992909616473,-0.1805155332893288,-0.1977821043568194,True,0.6366925385903227,-0.0670449570003883,-0.1978148940738309,-0.3392496000265326,True,0.698519291422011,0.017266571067490605,0.1414347059527017,tw21_th0.5_rebmonthly_sc2_mxaggressive
63,0.5,monthly,2,aggressive,matrix,-0.0226058304284711,-0.1241283820061694,-0.1977821043568194,True,0.6406516930316486,-0.0644787535331972,-0.1692488432558891,-0.3392496000265326,True,0.7320410587652469,0.07365372235065,0.1700007567706435,tw63_th0.5_rebmonthly_sc2_mxaggressive
84,0.15,monthly,1,aggressive,matrix,-0.0230751089632668,-0.1511209196542161,-0.1977821043568194,True,0.64134835203302,-0.0650805071384873,-0.1692488432558893,-0.3392496000265326,True,0.7380844115469137,0.0466611847026033,0.1700007567706433,tw84_th0.15_rebmonthly_sc1_mxaggressive
252,0.25,daily,2,aggressive,matrix,-0.0231058926623325,-0.0903828312997681,-0.1977821043568194,True,0.7616424190546143,-0.0377840924454414,-0.1325757521784571,-0.3392496000265326,True,1.053722165378122,0.1073992730570513,0.2066738478480755,tw252_th0.25_rebdaily_sc2_mxaggressive
21,0.5,daily,2,aggressive,matrix,-0.023283097978831,-0.1394899687018979,-0.1977821043568194,True,0.7195032118567574,-0.0317901254295412,-0.1212163900961466,-0.3392496000265326,True,1.1116526705760834,0.0582921356549215,0.218033209930386,tw21_th0.5_rebdaily_sc2_mxaggressive
42,0.35,monthly,1,default,matrix,-0.0234185369543966,-0.1081048340972629,-0.1977821043568194,True,0.7335734703637847,-0.0767377494784906,-0.1529023322367968,-0.3392496000265326,True,0.6878908899447409,0.08967727025955649,0.1863472677897358,tw42_th0.35_rebmonthly_sc1_mxdefault
42,0.5,daily,2,default,matrix,-0.0237100726341303,-0.0873637984987775,-0.1977821043568194,True,0.8337429988740013,-0.0710980202872265,-0.14510566465926,-0.3392496000265326,True,0.8389846905518098,0.1104183058580419,0.1941439353672726,tw42_th0.5_rebdaily_sc2_mxdefault
84,0.5,monthly,1,aggressive,matrix,-0.0240050843816007,-0.1699441578678427,-0.1977821043568194,True,0.6361987705818055,-0.0651827391734691,-0.1692488432558893,-0.3392496000265326,True,0.7335335166090338,0.027837946488976695,0.1700007567706433,tw84_th0.5_rebmonthly_sc1_mxaggressive
84,0.5,monthly,2,aggressive,matrix,-0.0243417015651083,-0.1508997264150868,-0.1977821043568194,True,0.6367749906839718,-0.0648853644882003,-0.169248843255889,-0.3392496000265326,True,0.7537203263940746,0.046882377941732584,0.1700007567706436,tw84_th0.5_rebmonthly_sc2_mxaggressive
252,0.25,weekly,1,aggressive,matrix,-0.0248194365575012,-0.1273181240982324,-0.1977821043568194,True,0.722590886674322,-0.04532613818205,-0.1896570328365795,-0.3392496000265326,True,0.9516661722494582,0.070463980258587,0.1495925671899531,tw252_th0.25_rebweekly_sc1_mxaggressive
21,0.15,daily,2,aggressive,matrix,-0.0252512714638024,-0.1235360511598435,-0.1977821043568194,True,0.6832542378735119,-0.0277692407071003,-0.149031655047217,-0.3392496000265326,True,1.1065460507378244,0.0742460531969759,0.1902179449793156,tw21_th0.15_rebdaily_sc2_mxaggressive
42,0.15,monthly,2,default,matrix,-0.0252518750577618,-0.1180536035115611,-0.1977821043568194,True,0.690819678334184,-0.0842061191780738,-0.1789946679791928,-0.3392496000265326,True,0.5889655036226797,0.07972850084525829,0.1602549320473398,tw42_th0.15_rebmonthly_sc2_mxdefault
252,0.15,weekly,1,aggressive,matrix,-0.0253440956971072,-0.1273181240982324,-0.1977821043568194,True,0.7182657281490923,-0.0502311544045439,-0.1896570328365795,-0.3392496000265326,True,0.8888071832291004,0.070463980258587,0.1495925671899531,tw252_th0.15_rebweekly_sc1_mxaggressive
42,0.35,monthly,2,default,matrix,-0.0254948468921353,-0.1081048340972629,-0.1977821043568194,True,0.7091273793449364,-0.0769171563224784,-0.1685133322653019,-0.3392496000265326,True,0.6825535713393032,0.08967727025955649,0.1707362677612307,tw42_th0.35_rebmonthly_sc2_mxdefault
252,0.5,monthly,2,aggressive,matrix,-0.0255719124938242,-0.1241283820061693,-0.1977821043568194,True,0.6438566117428981,-0.0472711713570096,-0.1692488432558891,-0.3392496000265326,True,0.904333202498355,0.0736537223506501,0.1700007567706435,tw252_th0.5_rebmonthly_sc2_mxaggressive
42,0.5,monthly,1,default,matrix,-0.0258902664189857,-0.0959618195854852,-0.1977821043568194,True,0.7352371032946324,-0.0796485235716418,-0.1506420045629513,-0.3392496000265326,True,0.6780641104152219,0.10182028477133419,0.1886075954635813,tw42_th0.5_rebmonthly_sc1_mxdefault
252,0.35,monthly,1,aggressive,matrix,-0.0259761777383828,-0.1241283820061694,-0.1977821043568194,True,0.6506790039493936,-0.0464330280276368,-0.1692488432558891,-0.3392496000265326,True,0.8984436235753159,0.07365372235065,0.1700007567706435,tw252_th0.35_rebmonthly_sc1_mxaggressive
63,0.15,monthly,1,default,matrix,-0.0260036168110912,-0.1238593256794693,-0.1977821043568194,True,0.7009451917449014,-0.0836655804309808,-0.1492971752351312,-0.3392496000265326,True,0.6193391363947934,0.07392277867735009,0.1899524247914014,tw63_th0.15_rebmonthly_sc1_mxdefault
42,0.5,monthly,2,default,matrix,-0.0262271896768831,-0.103744458099972,-0.1977821043568194,True,0.7226960483000427,-0.0844618942756065,-0.1761143796486596,-0.3392496000265326,True,0.61068176541752,0.0940376462568474,0.16313522037787298,tw42_th0.5_rebmonthly_sc2_mxdefault
21,0.35,daily,2,default,matrix,-0.0264619473926614,-0.110853114496126,-0.1977821043568194,True,0.7817814466482848,-0.0412519715796521,-0.1164375125168809,-0.3392496000265326,True,1.1720112385876231,0.08692898986069339,0.2228120875096517,tw21_th0.35_rebdaily_sc2_mxdefault
252,0.15,monthly,1,aggressive,matrix,-0.0265877971151049,-0.1241283820061694,-0.1977821043568194,True,0.6503925903657148,-0.0502544150282321,-0.1692488432558891,-0.3392496000265326,True,0.8439485011735154,0.07365372235065,0.1700007567706435,tw252_th0.15_rebmonthly_sc1_mxaggressive
252,0.15,daily,2,aggressive,matrix,-0.0267780354428008,-0.0984772831807185,-0.1977821043568194,True,0.7118086749081589,-0.0407385083714449,-0.1325757521784569,-0.3392496000265326,True,1.0021645057147883,0.0993048211761009,0.2066738478480757,tw252_th0.15_rebdaily_sc2_mxaggressive
126,0.15,monthly,2,aggressive,matrix,-0.0268209978871404,-0.1478908012001194,-0.1977821043568194,True,0.6127332462530461,-0.0768163058050721,-0.1721422210809643,-0.3392496000265326,True,0.5895713455078552,0.049891303156699984,0.1671073789455683,tw126_th0.15_rebmonthly_sc2_mxaggressive
42,0.5,weekly,2,aggressive,matrix,-0.0268347606947359,-0.1273181240982324,-0.1977821043568194,True,0.6553094265360175,-0.0672032383350544,-0.1896570328365794,-0.3392496000265326,True,0.7114401483611568,0.070463980258587,0.1495925671899532,tw42_th0.5_rebweekly_sc2_mxaggressive
63,0.5,monthly,1,aggressive,matrix,-0.0268691252214456,-0.133263300312513,-0.1977821043568194,True,0.6050280897126259,-0.0559862416102881,-0.1647111340246719,-0.3392496000265326,True,0.8162276738373061,0.0645188040443064,0.17453846600186068,tw63_th0.5_rebmonthly_sc1_mxaggressive
126,0.25,monthly,1,aggressive,matrix,-0.026996465151752,-0.1478908012001192,-0.1977821043568194,True,0.6098439615113215,-0.0713177873149308,-0.1692488432558891,-0.3392496000265326,True,0.6552156249541093,0.049891303156700206,0.1700007567706435,tw126_th0.25_rebmonthly_sc1_mxaggressive
63,0.25,monthly,1,default,matrix,-0.0270559072349716,-0.1284221877590532,-0.1977821043568194,True,0.6887091377698867,-0.0861143197199223,-0.1707526308397379,-0.3392496000265326,True,0.5925394214861819,0.06935991659776619,0.1684969691867947,tw63_th0.25_rebmonthly_sc1_mxdefault
252,0.25,monthly,1,aggressive,matrix,-0.0271116044370751,-0.1241283820061694,-0.1977821043568194,True,0.644877381252349,-0.0494675428031505,-0.1692488432558891,-0.3392496000265326,True,0.8517962969742809,0.07365372235065,0.1700007567706435,tw252_th0.25_rebmonthly_sc1_mxaggressive
84,0.25,monthly,1,aggressive,matrix,-0.0272376806883738,-0.1658817129039868,-0.1977821043568194,True,0.600650269381478,-0.0690336702674372,-0.169248843255889,-0.3392496000265326,True,0.7059351278508682,0.031900391452832605,0.1700007567706436,tw84_th0.25_rebmonthly_sc1_mxaggressive
126,0.15,monthly,1,aggressive,matrix,-0.0275131546403364,-0.1478908012001194,-0.1977821043568194,True,0.6012606250118723,-0.0723832174803435,-0.1692488432558891,-0.3392496000265326,True,0.6467592681354488,0.049891303156699984,0.1700007567706435,tw126_th0.15_rebmonthly_sc1_mxaggressive
42,0.5,weekly,1,default,matrix,-0.0275187596429405,-0.095579106649253,-0.1977821043568194,True,0.7683227408453038,-0.0655321655204575,-0.1232651805231842,-0.3392496000265326,True,0.8838759865085678,0.1022029977075664,0.2159844195033484,tw42_th0.5_rebweekly_sc1_mxdefault
126,0.5,monthly,2,aggressive,matrix,-0.0277157193939785,-0.1478908012001194,-0.1977821043568194,True,0.6152250163615578,-0.0735484533872948,-0.1692488432558891,-0.3392496000265326,True,0.6397306367782647,0.049891303156699984,0.1700007567706435,tw126_th0.5_rebmonthly_sc2_mxaggressive
63,0.15,monthly,2,default,matrix,-0.0277212990508328,-0.1221242465755509,-0.1977821043568194,True,0.6663923392659744,-0.0804033752947582,-0.1537719539543023,-0.3392496000265326,True,0.6461900303364848,0.07565785778126849,0.1854776460722303,tw63_th0.15_rebmonthly_sc2_mxdefault
252,0.15,monthly,2,aggressive,matrix,-0.0278219368086935,-0.1241283820061694,-0.1977821043568194,True,0.627196027747644,-0.0457215042351223,-0.1692488432558889,-0.3392496000265326,True,0.881440813739044,0.07365372235065,0.1700007567706437,tw252_th0.15_rebmonthly_sc2_mxaggressive
252,0.5,monthly,1,aggressive,matrix,-0.0278344520249591,-0.1241283820061694,-0.1977821043568194,True,0.6286496886631887,-0.0459069616109784,-0.1692488432558891,-0.3392496000265326,True,0.909573224277432,0.07365372235065,0.1700007567706435,tw252_th0.5_rebmonthly_sc1_mxaggressive
84,0.5,daily,2,aggressive,matrix,-0.0278524894165841,-0.1196119740682083,-0.1977821043568194,True,0.6769621258343009,-0.0763988036912125,-0.1714616636576823,-0.3392496000265326,True,0.6752985317858975,0.0781701302886111,0.16778793636885028,tw84_th0.5_rebdaily_sc2_mxaggressive
252,0.35,monthly,2,aggressive,matrix,-0.0278628095705845,-0.1241283820061694,-0.1977821043568194,True,0.6318566009857323,-0.037578819633632,-0.1692488432558891,-0.3392496000265326,True,0.9717971195200616,0.07365372235065,0.1700007567706435,tw252_th0.35_rebmonthly_sc2_mxaggressive
63,0.25,monthly,2,default,matrix,-0.0280428057651617,-0.1251936789931726,-0.1977821043568194,True,0.6624080673186206,-0.0791107862938609,-0.153771953954302,-0.3392496000265326,True,0.6647205059726404,0.07258842536364679,0.1854776460722306,tw63_th0.25_rebmonthly_sc2_mxdefault
126,0.25,monthly,2,aggressive,matrix,-0.0280855329153089,-0.1478908012001193,-0.1977821043568194,True,0.6070437003061059,-0.0713748345186376,-0.169248843255889,-0.3392496000265326,True,0.6603195348795562,0.049891303156700095,0.1700007567706436,tw126_th0.25_rebmonthly_sc2_mxaggressive
84,0.35,monthly,2,aggressive,matrix,-0.0281373648909254,-0.1610657090664137,-0.1977821043568194,True,0.5905250161645228,-0.0676695453828317,-0.169248843255889,-0.3392496000265326,True,0.7217772200087582,0.036716395290405685,0.1700007567706436,tw84_th0.35_rebmonthly_sc2_mxaggressive
21,0.25,daily,2,default,matrix,-0.0281799241470408,-0.110518189044463,-0.1977821043568194,True,0.7452180257925388,-0.0370216789608848,-0.1185270331730808,-0.3392496000265326,True,1.2145575447686727,0.08726391531235639,0.2207225668534518,tw21_th0.25_rebdaily_sc2_mxdefault
252,0.35,weekly,1,aggressive,matrix,-0.0282780138729048,-0.1265198750749333,-0.1977821043568194,True,0.6864770900432977,-0.0437176349886854,-0.1896570328365796,-0.3392496000265326,True,0.969054950199841,0.07126222928188608,0.149592567189953,tw252_th0.35_rebweekly_sc1_mxaggressive
252,0.25,monthly,2,aggressive,matrix,-0.0282974726438107,-0.1241283820061692,-0.1977821043568194,True,0.6246430144716677,-0.0443632523782889,-0.1692488432558891,-0.3392496000265326,True,0.9011205684888862,0.0736537223506502,0.1700007567706435,tw252_th0.25_rebmonthly_sc2_mxaggressive
84,0.35,daily,2,aggressive,matrix,-0.0283252555384522,-0.1192752481044528,-0.1977821043568194,True,0.6679672963636683,-0.0759732159547715,-0.1622656664848627,-0.3392496000265326,True,0.6762473131433394,0.0785068562523666,0.17698393354166989,tw84_th0.35_rebdaily_sc2_mxaggressive
21,0.5,monthly,1,default,matrix,-0.0283554916139586,-0.1412037721582694,-0.1977821043568194,True,0.6935244703204498,-0.076533979757589,-0.1810387719673212,-0.3392496000265326,True,0.7671174746128121,0.05657833219854999,0.15821082805921138,tw21_th0.5_rebmonthly_sc1_mxdefault
252,0.5,weekly,1,aggressive,matrix,-0.0283821964994834,-0.1265198750749334,-0.1977821043568194,True,0.683911938792505,-0.0442044550771183,-0.1896570328365794,-0.3392496000265326,True,0.9629210160941896,0.071262229281886,0.1495925671899532,tw252_th0.5_rebweekly_sc1_mxaggressive
42,0.25,monthly,2,default,matrix,-0.0284746139952424,-0.1144510921548166,-0.1977821043568194,True,0.6697435764462267,-0.083051567845961,-0.1719568304333226,-0.3392496000265326,True,0.6056667818108072,0.0833310122020028,0.16729276959321,tw42_th0.25_rebmonthly_sc2_mxdefault
21,0.15,monthly,1,default,matrix,-0.0287079030417643,-0.1412037721582695,-0.1977821043568194,True,0.6679974370765389,-0.0701437019833711,-0.1775573850178414,-0.3392496000265326,True,0.7479224159391302,0.05657833219854988,0.1616922150086912,tw21_th0.15_rebmonthly_sc1_mxdefault
126,0.5,monthly,1,default,matrix,-0.0287217753851398,-0.1340310267382322,-0.1977821043568194,True,0.7008219544851112,-0.084558354373507,-0.1341010536213527,-0.3392496000265326,True,0.636066585617794,0.0637510776185872,0.2051485464051799,tw126_th0.5_rebmonthly_sc1_mxdefault
42,0.35,weekly,2,default,matrix,-0.0288617054600747,-0.1180178036137576,-0.1977821043568194,True,0.7084424256227059,-0.0693189034199885,-0.1553726819687311,-0.3392496000265326,True,0.7941964356177277,0.07976430074306179,0.1838769180578015,tw42_th0.35_rebweekly_sc2_mxdefault
21,0.35,monthly,1,default,matrix,-0.0289222710632488,-0.1412037721582695,-0.1977821043568194,True,0.66297461991017,-0.0720065824163442,-0.1894321899225324,-0.3392496000265326,True,0.7534257458303454,0.05657833219854988,0.14981741010400018,tw21_th0.35_rebmonthly_sc1_mxdefault
126,0.35,monthly,1,default,matrix,-0.0291288312946068,-0.1340310267382322,-0.1977821043568194,True,0.6828691218668547,-0.080925880123949,-0.1341010536213527,-0.3392496000265326,True,0.6533583249296405,0.0637510776185872,0.2051485464051799,tw126_th0.35_rebmonthly_sc1_mxdefault
84,0.35,monthly,1,aggressive,matrix,-0.029238116899491,-0.1626522003702954,-0.1977821043568194,True,0.5811730973269276,-0.0623732979849069,-0.169248843255889,-0.3392496000265326,True,0.7587456745074104,0.03512990398652399,0.1700007567706436,tw84_th0.35_rebmonthly_sc1_mxaggressive
63,0.35,daily,2,aggressive,matrix,-0.0292713969291242,-0.1294914119607511,-0.1977821043568194,True,0.6500099462665556,-0.0602058320530042,-0.1602414637842324,-0.3392496000265326,True,0.835758648649747,0.0682906923960683,0.1790081362423002,tw63_th0.35_rebdaily_sc2_mxaggressive
84,0.5,weekly,1,aggressive,matrix,-0.0293457445179307,-0.1539139126965407,-0.1977821043568194,True,0.6408497499092114,-0.0651005403821627,-0.1896570328365795,-0.3392496000265326,True,0.7567377971168141,0.043868191660278694,0.1495925671899531,tw84_th0.5_rebweekly_sc1_mxaggressive
63,0.35,monthly,2,default,matrix,-0.0296805039657561,-0.1153608922362885,-0.1977821043568194,True,0.6459603126089233,-0.0838242898845883,-0.149297175235131,-0.3392496000265326,True,0.6356470085314021,0.0824212121205309,0.1899524247914016,tw63_th0.35_rebmonthly_sc2_mxdefault
21,0.35,weekly,2,aggressive,matrix,-0.0297448146048214,-0.156242859863683,-0.1977821043568194,True,0.5999083154895826,-0.0518803710791715,-0.1578875911389472,-0.3392496000265326,True,0.8631898183963252,0.041539244493136396,0.18136200888758539,tw21_th0.35_rebweekly_sc2_mxaggressive
21,0.25,monthly,2,aggressive,matrix,-0.0297824889515792,-0.1599224811986903,-0.1977821043568194,True,0.5385733459264587,-0.0502802519947242,-0.1875978618473391,-0.3392496000265326,True,0.8221453988578624,0.0378596231581291,0.1516517381791935,tw21_th0.25_rebmonthly_sc2_mxaggressive
126,0.35,monthly,2,aggressive,matrix,-0.0300466974066321,-0.1478908012001195,-0.1977821043568194,True,0.5810394217292875,-0.0711522425178568,-0.1692488432558891,-0.3392496000265326,True,0.6632331449909228,0.0498913031566999,0.1700007567706435,tw126_th0.35_rebmonthly_sc2_mxaggressive
63,0.35,weekly,1,aggressive,matrix,-0.0301268457135434,-0.1346815463996981,-0.1977821043568194,True,0.620423836533179,-0.0661918078470481,-0.1896570328365795,-0.3392496000265326,True,0.7479400765738851,0.0631005579571213,0.1495925671899531,tw63_th0.35_rebweekly_sc1_mxaggressive
84,0.35,weekly,1,aggressive,matrix,-0.0301646881666885,-0.1583429350538473,-0.1977821043568194,True,0.6355969964230693,-0.0740659637855597,-0.1896570328365796,-0.3392496000265326,True,0.6605759417446125,0.03943916930297209,0.149592567189953,tw84_th0.35_rebweekly_sc1_mxaggressive
252,0.5,daily,2,default,matrix,-0.0303265295949028,-0.0929153829427269,-0.1977821043568194,True,0.798149243902447,-0.0579387095850593,-0.1008010433418223,-0.3392496000265326,True,1.0194941683591965,0.10486672141409249,0.2384485566847103,tw252_th0.5_rebdaily_sc2_mxdefault
63,0.35,monthly,1,default,matrix,-0.0303523673446479,-0.1285097926558862,-0.1977821043568194,True,0.6453494387529788,-0.0784135739970035,-0.1675816299123379,-0.3392496000265326,True,0.6896645003281763,0.0692723117009332,0.17166797011419468,tw63_th0.35_rebmonthly_sc1_mxdefault
21,0.25,monthly,1,default,matrix,-0.030610617110692,-0.1412037721582694,-0.1977821043568194,True,0.6448358012807157,-0.0710210047102557,-0.1775573850178413,-0.3392496000265326,True,0.7506985606463331,0.05657833219854999,0.1616922150086913,tw21_th0.25_rebmonthly_sc1_mxdefault
252,0.35,daily,2,default,matrix,-0.030690764612412,-0.0817158947041973,-0.1977821043568194,True,0.7889220213044869,-0.054547442757594,-0.1008010433418223,-0.3392496000265326,True,1.0444981242973757,0.1160662096526221,0.2384485566847103,tw252_th0.35_rebdaily_sc2_mxdefault
63,0.5,daily,2,aggressive,matrix,-0.0309182885307402,-0.1212852584077267,-0.1977821043568194,True,0.630555023131074,-0.0663710923086536,-0.1796599805218391,-0.3392496000265326,True,0.774360233235415,0.07649684594909269,0.1595896195046935,tw63_th0.5_rebdaily_sc2_mxaggressive
42,0.25,weekly,2,default,matrix,-0.0309298194731303,-0.1232147072991317,-0.1977821043568194,True,0.678014067294695,-0.0737709975593369,-0.1553726819687308,-0.3392496000265326,True,0.743256423689946,0.0745673970576877,0.1838769180578018,tw42_th0.25_rebweekly_sc2_mxdefault
84,0.25,monthly,2,aggressive,matrix,-0.0311210168073059,-0.1584287072764291,-0.1977821043568194,True,0.5523845569770947,-0.065009932393338,-0.169248843255889,-0.3392496000265326,True,0.7165555180468982,0.03935339708039029,0.1700007567706436,tw84_th0.25_rebmonthly_sc2_mxaggressive
21,0.5,monthly,2,default,matrix,-0.0311482169581031,-0.1622556811302218,-0.1977821043568194,True,0.6328016645564231,-0.081428493847613,-0.177161555749773,-0.3392496000265326,True,0.6626729263660587,0.0355264232265976,0.1620880442767596,tw21_th0.5_rebmonthly_sc2_mxdefault
21,0.25,weekly,2,aggressive,matrix,-0.0312169927539079,-0.1518851802477668,-0.1977821043568194,True,0.5781346522619891,-0.0440439815112971,-0.1588528101526228,-0.3392496000265326,True,0.9214188490402284,0.045896924109052606,0.1803967898739098,tw21_th0.25_rebweekly_sc2_mxaggressive
84,0.15,weekly,1,aggressive,matrix,-0.0312308374794443,-0.1604940564671498,-0.1977821043568194,True,0.6125749654661434,-0.0777398539524912,-0.1896570328365795,-0.3392496000265326,True,0.6164851024442914,0.03728804788966961,0.1495925671899531,tw84_th0.15_rebweekly_sc1_mxaggressive
63,0.5,monthly,2,default,matrix,-0.0314547564249269,-0.1153608922362884,-0.1977821043568194,True,0.6324087686926303,-0.0788622903804219,-0.1446165661230487,-0.3392496000265326,True,0.6999648954843181,0.082421212120531,0.19463303390348388,tw63_th0.5_rebmonthly_sc2_mxdefault
126,0.15,daily,2,aggressive,matrix,-0.0316170938428269,-0.1418605940906148,-0.1977821043568194,True,0.6288926085352635,-0.0703031741773843,-0.1576834569935449,-0.3392496000265326,True,0.7000903321890075,0.055921510266204594,0.18156614303298768,tw126_th0.15_rebdaily_sc2_mxaggressive
84,0.15,monthly,1,default,matrix,-0.0319240349597227,-0.1397017592920569,-0.1977821043568194,True,0.6313099970346621,-0.079464043985712,-0.1341010536213526,-0.3392496000265326,True,0.6997220078922328,0.058080345064762506,0.20514854640518,tw84_th0.15_rebmonthly_sc1_mxdefault
252,0.25,daily,2,default,matrix,-0.0319548186587883,-0.0817158947041976,-0.1977821043568194,True,0.7663788783085851,-0.0521676292926661,-0.0958763810866167,-0.3392496000265326,True,1.064559311643225,0.1160662096526218,0.2433732189399159,tw252_th0.25_rebdaily_sc2_mxdefault
21,0.5,daily,2,default,matrix,-0.0321320239752868,-0.1220798725405718,-0.1977821043568194,True,0.7236738918649669,-0.0461736622767659,-0.0990404396471565,-0.3392496000265326,True,1.1491550084778823,0.07570223181624759,0.2402091603793761,tw21_th0.5_rebdaily_sc2_mxdefault
63,0.15,weekly,1,aggressive,matrix,-0.0325085844049357,-0.1547152867349179,-0.1977821043568194,True,0.5866970025909413,-0.0657025084315157,-0.1896570328365795,-0.3392496000265326,True,0.740882073702265,0.04306681762190148,0.1495925671899531,tw63_th0.15_rebweekly_sc1_mxaggressive
63,0.25,daily,2,aggressive,matrix,-0.0326603032140386,-0.1182258451720036,-0.1977821043568194,True,0.6067676945552984,-0.0656983119266195,-0.1615567064330014,-0.3392496000265326,True,0.7761531815151754,0.07955625918481579,0.1776928935935312,tw63_th0.25_rebdaily_sc2_mxaggressive
84,0.5,monthly,1,default,matrix,-0.0328540103780565,-0.1587782085703374,-0.1977821043568194,True,0.6283213508549723,-0.0795662760206938,-0.1341010536213525,-0.3392496000265326,True,0.6980815272782579,0.039003895786482,0.2051485464051801,tw84_th0.5_rebmonthly_sc1_mxdefault
63,0.15,daily,2,aggressive,matrix,-0.0329938147962386,-0.1201571972584119,-0.1977821043568194,True,0.5984975455550946,-0.0677007751204564,-0.1536188715264554,-0.3392496000265326,True,0.7350778621022116,0.0776249070984075,0.1856307285000772,tw63_th0.15_rebdaily_sc2_mxaggressive
84,0.5,monthly,2,default,matrix,-0.0331906275615641,-0.1387447004720213,-0.1977821043568194,True,0.6287905279295405,-0.079268901335425,-0.1341010536213526,-0.3392496000265326,True,0.7198811795471874,0.059037403884798084,0.20514854640518,tw84_th0.5_rebmonthly_sc2_mxdefault
84,0.25,weekly,1,aggressive,matrix,-0.0333551597824317,-0.173744350593038,-0.1977821043568194,True,0.5893471585646196,-0.0837593312010512,-0.1896570328365794,-0.3392496000265326,True,0.5629090030923267,0.024037753763781394,0.1495925671899532,tw84_th0.25_rebweekly_sc1_mxaggressive
252,0.25,weekly,1,default,matrix,-0.033668362553957,-0.1179484807378552,-0.1977821043568194,True,0.7218135785852038,-0.0597096750292747,-0.1553726819687308,-0.3392496000265326,True,0.9449130330682488,0.07983362361896419,0.1838769180578018,tw252_th0.25_rebweekly_sc1_mxdefault
21,0.5,weekly,2,aggressive,matrix,-0.0338625755535467,-0.1685658003015583,-0.1977821043568194,True,0.5691809296515905,-0.062872022947719,-0.1578875911389471,-0.3392496000265326,True,0.7642810812844004,0.0292163040552611,0.1813620088875855,tw21_th0.5_rebweekly_sc2_mxaggressive
126,0.25,daily,2,aggressive,matrix,-0.0340351701128449,-0.1499776168458806,-0.1977821043568194,True,0.6058452874024267,-0.0699809530074661,-0.1576834569935449,-0.3392496000265326,True,0.7160311161528976,0.0478044875109388,0.18156614303298768,tw126_th0.25_rebdaily_sc2_mxaggressive
21,0.15,daily,2,default,matrix,-0.0341001974602582,-0.1084097161393241,-0.1977821043568194,True,0.677590146599893,-0.042152777554325,-0.1275576179365378,-0.3392496000265326,True,1.1332650857457556,0.0893723882174953,0.2116919820899948,tw21_th0.15_rebdaily_sc2_mxdefault
63,0.5,weekly,1,aggressive,matrix,-0.0341423138896665,-0.1361877754370188,-0.1977821043568194,True,0.5820396573069047,-0.0564191467454302,-0.1588528101526228,-0.3392496000265326,True,0.8509902928281387,0.0615943289198006,0.1803967898739098,tw63_th0.5_rebweekly_sc1_mxaggressive
63,0.25,weekly,1,aggressive,matrix,-0.0341505082095614,-0.146668429114221,-0.1977821043568194,True,0.5715513834295787,-0.0678108654907361,-0.1896570328365794,-0.3392496000265326,True,0.7245631288226305,0.05111367524259838,0.1495925671899532,tw63_th0.25_rebweekly_sc1_mxaggressive
252,0.15,weekly,1,default,matrix,-0.034193021693563,-0.1179484807378551,-0.1977821043568194,True,0.7164522012728654,-0.0646146912517686,-0.1553726819687311,-0.3392496000265326,True,0.8716026473104911,0.07983362361896429,0.1838769180578015,tw252_th0.15_rebweekly_sc1_mxdefault
21,0.15,monthly,2,aggressive,matrix,-0.0342598618962391,-0.1599224811986902,-0.1977821043568194,True,0.4985715469684819,-0.0579251274044434,-0.1728657868755566,-0.3392496000265326,True,0.7256522629540925,0.037859623158129185,0.166383813150976,tw21_th0.15_rebmonthly_sc2_mxaggressive
252,0.5,monthly,2,default,matrix,-0.03442083849028,-0.1081048340972632,-0.1977821043568194,True,0.6387895890965609,-0.0616547082042343,-0.1341010536213526,-0.3392496000265326,True,0.8912319609998628,0.0896772702595562,0.20514854640518,tw252_th0.5_rebmonthly_sc2_mxdefault
84,0.15,monthly,2,aggressive,matrix,-0.034713535541054,-0.1656735839833327,-0.1977821043568194,True,0.5103541387257304,-0.0684934291361088,-0.1692488432558891,-0.3392496000265326,True,0.6848407265248777,0.03210852037348669,0.1700007567706435,tw84_th0.15_rebmonthly_sc2_mxaggressive
252,0.35,monthly,1,default,matrix,-0.0348251037348386,-0.1081048340972631,-0.1977821043568194,True,0.64404530515126,-0.0608165648748615,-0.1341010536213526,-0.3392496000265326,True,0.8839543248210775,0.0896772702595563,0.20514854640518,tw252_th0.35_rebmonthly_sc1_mxdefault
252,0.5,weekly,2,aggressive,matrix,-0.0349302143714681,-0.1606707787869763,-0.1977821043568194,True,0.5956481537753665,-0.0571729772252395,-0.1896570328365795,-0.3392496000265326,True,0.8381270045376238,0.03711132556984309,0.1495925671899531,tw252_th0.5_rebweekly_sc2_mxaggressive
252,0.35,weekly,2,aggressive,matrix,-0.0354262827600402,-0.1594950237304722,-0.1977821043568194,True,0.5902938203822533,-0.0486151684091007,-0.1896570328365794,-0.3392496000265326,True,0.9092499912707313,0.0382870806263472,0.1495925671899532,tw252_th0.35_rebweekly_sc2_mxaggressive
252,0.15,monthly,1,default,matrix,-0.0354367231115607,-0.1081048340972631,-0.1977821043568194,True,0.6431268455794855,-0.0646379518754568,-0.1341010536213525,-0.3392496000265326,True,0.8207084075683901,0.0896772702595563,0.2051485464051801,tw252_th0.15_rebmonthly_sc1_mxdefault
63,0.15,weekly,2,aggressive,matrix,-0.0355648685370099,-0.1512988265395072,-0.1977821043568194,True,0.5492970521038799,-0.0812265119196286,-0.1926465202555938,-0.3392496000265326,True,0.5709735840251958,0.04648327781731221,0.14660307977093878,tw63_th0.15_rebweekly_sc2_mxaggressive
252,0.15,daily,2,default,matrix,-0.0356269614392566,-0.0884549977332944,-0.1977821043568194,True,0.7076720515844748,-0.0551220452186696,-0.0958763810866167,-0.3392496000265326,True,1.0035746755458883,0.10932710662352499,0.2433732189399159,tw252_th0.15_rebdaily_sc2_mxdefault
126,0.15,monthly,2,default,matrix,-0.0356699238835962,-0.1340310267382323,-0.1977821043568194,True,0.5981873972858512,-0.0911998426522968,-0.1555399150221666,-0.3392496000265326,True,0.5322678270615314,0.06375107761858709,0.183709685004366,tw126_th0.15_rebmonthly_sc2_mxdefault
42,0.5,weekly,2,default,matrix,-0.0356836866911917,-0.1179484807378552,-0.1977821043568194,True,0.6462114827368947,-0.0815867751822791,-0.155372681968731,-0.3392496000265326,True,0.6752240979098567,0.07983362361896419,0.1838769180578016,tw42_th0.5_rebweekly_sc2_mxdefault
63,0.5,monthly,1,default,matrix,-0.0357180512179014,-0.1285097926558863,-0.1977821043568194,True,0.591889428000918,-0.0703697784575128,-0.1446165661230487,-0.3392496000265326,True,0.7983067441428782,0.06927231170093309,0.19463303390348388,tw63_th0.5_rebmonthly_sc1_mxdefault
126,0.25,monthly,1,default,matrix,-0.0358453911482078,-0.1340310267382323,-0.1977821043568194,True,0.5962672885589876,-0.0857013241621555,-0.1341010536213527,-0.3392496000265326,True,0.6064058451149962,0.06375107761858709,0.2051485464051799,tw126_th0.25_rebmonthly_sc1_mxdefault
252,0.25,monthly,1,default,matrix,-0.0359605304335309,-0.1081048340972631,-0.1977821043568194,True,0.6369707492447026,-0.0638510796503752,-0.1341010536213525,-0.3392496000265326,True,0.830036184830357,0.0896772702595563,0.2051485464051801,tw252_th0.25_rebmonthly_sc1_mxdefault
84,0.25,monthly,1,default,matrix,-0.0360866066848297,-0.1546611154103143,-0.1977821043568194,True,0.5861445552922009,-0.0834172071146619,-0.1341010536213526,-0.3392496000265326,True,0.6622164619320806,0.043120988946505096,0.20514854640518,tw84_th0.25_rebmonthly_sc1_mxdefault
84,0.25,daily,2,aggressive,matrix,-0.036302459560753,-0.1359183244281702,-0.1977821043568194,True,0.5799077132293572,-0.0723690690922283,-0.1523168272824746,-0.3392496000265326,True,0.7020868247007783,0.06186377992864919,0.186932772744058,tw84_th0.25_rebdaily_sc2_mxaggressive
126,0.15,monthly,1,default,matrix,-0.0363620806367922,-0.1340310267382323,-0.1977821043568194,True,0.5862000541612231,-0.0867667543275682,-0.1341010536213525,-0.3392496000265326,True,0.5963626559417544,0.06375107761858709,0.2051485464051801,tw126_th0.15_rebmonthly_sc1_mxdefault
126,0.15,weekly,2,aggressive,matrix,-0.0364950004328428,-0.1935819371067823,-0.1977821043568194,True,0.5565277639665324,-0.0730597275526559,-0.1896570328365795,-0.3392496000265326,True,0.6568803954495258,0.004200167250037107,0.1495925671899531,tw126_th0.15_rebweekly_sc2_mxaggressive
126,0.5,monthly,2,default,matrix,-0.0365646453904343,-0.1340310267382323,-0.1977821043568194,True,0.6030986969064038,-0.0879319902345195,-0.1358897758151959,-0.3392496000265326,True,0.5904830533826416,0.06375107761858709,0.2033598242113367,tw126_th0.5_rebmonthly_sc2_mxdefault
252,0.15,monthly,2,default,matrix,-0.0366708628051493,-0.1081048340972632,-0.1977821043568194,True,0.6174856291123185,-0.060105041082347,-0.1341010536213525,-0.3392496000265326,True,0.8629081080226164,0.0896772702595562,0.2051485464051801,tw252_th0.15_rebmonthly_sc2_mxdefault
252,0.5,monthly,1,default,matrix,-0.036683378021415,-0.1081048340972631,-0.1977821043568194,True,0.6198286790736206,-0.0602904984582031,-0.1341010536213526,-0.3392496000265326,True,0.8977394056719414,0.0896772702595563,0.20514854640518,tw252_th0.5_rebmonthly_sc1_mxdefault
84,0.5,daily,2,default,matrix,-0.0367014154130399,-0.1084198025124245,-0.1977821043568194,True,0.6723801686690485,-0.0907823405384372,-0.1484976661669114,-0.3392496000265326,True,0.6277513383975563,0.08936230184439489,0.1907519338596212,tw84_th0.5_rebdaily_sc2_mxdefault
252,0.35,monthly,2,default,matrix,-0.0367117355670403,-0.1081048340972632,-0.1977821043568194,True,0.6232678824815222,-0.0519623564808567,-0.1341010536213526,-0.3392496000265326,True,0.9687354341604512,0.0896772702595562,0.20514854640518,tw252_th0.35_rebmonthly_sc2_mxdefault
126,0.25,monthly,2,default,matrix,-0.0369344589117647,-0.1340310267382325,-0.1977821043568194,True,0.5918742763501843,-0.0857583713658623,-0.1381759362418747,-0.3392496000265326,True,0.6120662340780774,0.0637510776185869,0.2010736637846579,tw126_th0.25_rebmonthly_sc2_mxdefault
126,0.25,weekly,2,aggressive,matrix,-0.0369774886141216,-0.1837702512836845,-0.1977821043568194,True,0.5544001202974741,-0.0736918405761814,-0.1896570328365795,-0.3392496000265326,True,0.6496096276657308,0.014011853073134906,0.1495925671899531,tw126_th0.25_rebweekly_sc2_mxaggressive
84,0.35,monthly,2,default,matrix,-0.0369862908873812,-0.1497803264680082,-0.1977821043568194,True,0.5756523681822173,-0.0820530822300564,-0.1341010536213526,-0.3392496000265326,True,0.6815052357034413,0.04800177788881119,0.20514854640518,tw84_th0.35_rebmonthly_sc2_mxdefault
252,0.35,weekly,1,default,matrix,-0.0371269398693606,-0.117735124274791,-0.1977821043568194,True,0.6802988857382705,-0.0581011718359101,-0.155372681968731,-0.3392496000265326,True,0.96569738420866,0.08004698008202839,0.1838769180578016,tw252_th0.35_rebweekly_sc1_mxdefault
252,0.25,monthly,2,default,matrix,-0.0371463986402665,-0.1081048340972631,-0.1977821043568194,True,0.614799099502625,-0.0587467892255136,-0.1341010536213525,-0.3392496000265326,True,0.8858391771114094,0.0896772702595563,0.2051485464051801,tw252_th0.25_rebmonthly_sc2_mxdefault
84,0.35,daily,2,default,matrix,-0.037174181534908,-0.1110165048760202,-0.1977821043568194,True,0.6602470890345512,-0.0903567528019962,-0.1390467901952015,-0.3392496000265326,True,0.6282534669436587,0.08676559948079919,0.2002028098313311,tw84_th0.35_rebdaily_sc2_mxdefault
252,0.5,weekly,1,default,matrix,-0.0372311224959392,-0.1171416612275694,-0.1977821043568194,True,0.6781259839964068,-0.0585879919243429,-0.155372681968731,-0.3392496000265326,True,0.9600337266742304,0.08064044312924999,0.1838769180578016,tw252_th0.5_rebweekly_sc1_mxdefault
252,0.25,weekly,2,aggressive,matrix,-0.0373229671890129,-0.1600999766594999,-0.1977821043568194,True,0.5682737652576529,-0.0552549557939444,-0.1896570328365795,-0.3392496000265326,True,0.8372695513827801,0.03768212769731949,0.1495925671899531,tw252_th0.25_rebweekly_sc2_mxaggressive
126,0.5,daily,2,aggressive,matrix,-0.0377480359952649,-0.1406402334618947,-0.1977821043568194,True,0.5661469676245504,-0.0620051970538368,-0.1452217868095744,-0.3392496000265326,True,0.8070719715614655,0.0571418708949247,0.1940278132169582,tw126_th0.5_rebdaily_sc2_mxaggressive
126,0.35,daily,2,aggressive,matrix,-0.0377910460036477,-0.1461556705366806,-0.1977821043568194,True,0.568236255103259,-0.0638220663292714,-0.157683456993545,-0.3392496000265326,True,0.7809351569958064,0.05162643382013879,0.1815661430329876,tw126_th0.35_rebdaily_sc2_mxaggressive
84,0.35,monthly,1,default,matrix,-0.0380870428959469,-0.1513881593257481,-0.1977821043568194,True,0.5648316179890663,-0.0767568348321316,-0.1341010536213526,-0.3392496000265326,True,0.7259072900272697,0.046393945031071304,0.20514854640518,tw84_th0.35_rebmonthly_sc1_mxdefault
63,0.35,daily,2,default,matrix,-0.03812032292558,-0.1184248354386462,-0.1977821043568194,True,0.639165088640475,-0.074589368900229,-0.1400736507534421,-0.3392496000265326,True,0.8157022232227438,0.0793572689181732,0.19917594927309049,tw63_th0.35_rebdaily_sc2_mxdefault
84,0.5,weekly,1,default,matrix,-0.0381946705143865,-0.1367848756637676,-0.1977821043568194,True,0.6294995320001505,-0.0794840772293874,-0.155372681968731,-0.3392496000265326,True,0.7253690016112845,0.0609972286930518,0.1838769180578016,tw84_th0.5_rebweekly_sc1_mxdefault
126,0.35,weekly,1,aggressive,matrix,-0.0384877883551674,-0.1780810998218427,-0.1977821043568194,True,0.5530572184048278,-0.0609879355605113,-0.1896570328365795,-0.3392496000265326,True,0.7797018407904562,0.019701004534976696,0.1495925671899531,tw126_th0.35_rebweekly_sc1_mxaggressive
21,0.35,weekly,2,default,matrix,-0.0385937406012771,-0.1437313878460085,-0.1977821043568194,True,0.5848630279543956,-0.0662639079263962,-0.1320960494365661,-0.3392496000265326,True,0.8520172195122767,0.05405071651081089,0.20715355058996648,tw21_th0.35_rebweekly_sc2_mxdefault
21,0.25,monthly,2,default,matrix,-0.038631414948035,-0.1412037721582694,-0.1977821043568194,True,0.5202241999219891,-0.0646637888419489,-0.1674938666627066,-0.3392496000265326,True,0.803024957468113,0.05657833219854999,0.171755733363826,tw21_th0.25_rebmonthly_sc2_mxdefault
126,0.35,monthly,2,default,matrix,-0.0388956234030879,-0.1340310267382327,-0.1977821043568194,True,0.5628494808611152,-0.0855357793650815,-0.1381759362418746,-0.3392496000265326,True,0.6155264274982416,0.0637510776185867,0.201073663784658,tw126_th0.35_rebmonthly_sc2_mxdefault
63,0.35,weekly,1,default,matrix,-0.0389757717099992,-0.1292827629572205,-0.1977821043568194,True,0.6053940729268713,-0.0805753446942728,-0.1553726819687311,-0.3392496000265326,True,0.7136630275206473,0.0684993413995989,0.1838769180578015,tw63_th0.35_rebweekly_sc1_mxdefault
84,0.35,weekly,1,default,matrix,-0.0390136141631443,-0.1413035637053535,-0.1977821043568194,True,0.6228256774466493,-0.0884495006327844,-0.155372681968731,-0.3392496000265326,True,0.6123040990966371,0.0564785406514659,0.1838769180578016,tw84_th0.35_rebweekly_sc1_mxdefault
63,0.25,weekly,2,aggressive,matrix,-0.0390223210538217,-0.1588772050762578,-0.1977821043568194,True,0.5177248475780251,-0.0798813647170437,-0.1896570328365795,-0.3392496000265326,True,0.6043327746350393,0.038904899280561595,0.1495925671899531,tw63_th0.25_rebweekly_sc2_mxaggressive
63,0.35,weekly,2,aggressive,matrix,-0.0392954371676398,-0.15409702801334,-0.1977821043568194,True,0.5178972138792455,-0.0750692918116762,-0.1896570328365795,-0.3392496000265326,True,0.6513159274320555,0.0436850763434794,0.1495925671899531,tw63_th0.35_rebweekly_sc2_mxaggressive
63,0.5,daily,2,default,matrix,-0.039767214527196,-0.1101143589329314,-0.1977821043568194,True,0.6174523979565021,-0.0807546291558782,-0.1616348195116177,-0.3392496000265326,True,0.7454555603286346,0.087667745423888,0.1776147805149149,tw63_th0.5_rebdaily_sc2_mxdefault
84,0.25,monthly,2,default,matrix,-0.0399699428037617,-0.1471078516088758,-0.1977821043568194,True,0.531972525141542,-0.0793934692405627,-0.1341010536213525,-0.3392496000265326,True,0.6767191951422273,0.0506742527479436,0.2051485464051801,tw84_th0.25_rebmonthly_sc2_mxdefault
21,0.25,weekly,2,default,matrix,-0.0400659187503637,-0.1437313878460087,-0.1977821043568194,True,0.5595411499206279,-0.0584275183585217,-0.1290267077894985,-0.3392496000265326,True,0.919423790638624,0.0540507165108107,0.21022289223703408,tw21_th0.25_rebweekly_sc2_mxdefault
126,0.5,weekly,2,aggressive,matrix,-0.0400696076544912,-0.1694740782425374,-0.1977821043568194,True,0.5190931579028009,-0.0750561843129471,-0.1896570328365795,-0.3392496000265326,True,0.6541783393438763,0.028308026114281987,0.1495925671899531,tw126_th0.5_rebweekly_sc2_mxaggressive
84,0.15,weekly,1,default,matrix,-0.0400797634759002,-0.1434982346331834,-0.1977821043568194,True,0.5958055324914404,-0.0921233907997159,-0.1553726819687311,-0.3392496000265326,True,0.5603011074724784,0.054283869723636,0.1838769180578015,tw84_th0.15_rebweekly_sc1_mxdefault
126,0.5,weekly,1,aggressive,matrix,-0.0403485534751859,-0.1722063863362922,-0.1977821043568194,True,0.5284057263308464,-0.058955797803674,-0.1896570328365795,-0.3392496000265326,True,0.8015960902483374,0.02557571802052719,0.1495925671899531,tw126_th0.5_rebweekly_sc1_mxaggressive
126,0.15,daily,2,default,matrix,-0.0404660198392827,-0.1244875372779789,-0.1977821043568194,True,0.6132922302162094,-0.084686711024609,-0.12293647222337,-0.3392496000265326,True,0.6571318812530622,0.0732945670788405,0.21631312780316259,tw126_th0.15_rebdaily_sc2_mxdefault
126,0.35,weekly,2,aggressive,matrix,-0.0407970888303514,-0.1736118631258172,-0.1977821043568194,True,0.5162068207191612,-0.0680877480005127,-0.1896570328365794,-0.3392496000265326,True,0.7019079325049108,0.0241702412310022,0.1495925671899532,tw126_th0.35_rebweekly_sc2_mxaggressive
252,0.15,weekly,2,aggressive,matrix,-0.040849683418117,-0.1610086757302516,-0.1977821043568194,True,0.5250740721487096,-0.0541092710617112,-0.1896570328365794,-0.3392496000265326,True,0.8339918194226864,0.036773428626567795,0.1495925671899532,tw252_th0.15_rebweekly_sc2_mxaggressive
63,0.15,weekly,1,default,matrix,-0.0413575104013915,-0.1376024735424685,-0.1977821043568194,True,0.5662062403645317,-0.0800860452787404,-0.1553726819687311,-0.3392496000265326,True,0.7050072980761475,0.060179630814350904,0.1838769180578015,tw63_th0.15_rebweekly_sc1_mxdefault
63,0.25,daily,2,default,matrix,-0.0415092292104944,-0.1070160520766847,-0.1977821043568194,True,0.5889181944308385,-0.0800818487738442,-0.148872058267691,-0.3392496000265326,True,0.7442818497221708,0.0907660522801347,0.19037754175884158,tw63_th0.25_rebdaily_sc2_mxdefault
63,0.15,daily,2,default,matrix,-0.0418427407926944,-0.1146677953675117,-0.1977821043568194,True,0.5790610640069056,-0.0820843119676811,-0.1286301428264794,-0.3392496000265326,True,0.6970091651553881,0.08311430898930769,0.2106194572000532,tw63_th0.15_rebdaily_sc2_mxdefault
21,0.35,monthly,2,default,matrix,-0.0419575572879238,-0.1827915388469446,-0.1977821043568194,True,0.4783977475570467,-0.0708444685357687,-0.1844056087633245,-0.3392496000265326,True,0.7433059783839864,0.014990565509874793,0.15484399126320808,tw21_th0.35_rebmonthly_sc2_mxdefault
21,0.15,weekly,2,aggressive,matrix,-0.0419649366986339,-0.1779711657743395,-0.1977821043568194,True,0.4692673317226767,-0.0355689375714512,-0.1663962351791359,-0.3392496000265326,True,0.9952134756707156,0.019810938582479898,0.1728533648473967,tw21_th0.15_rebweekly_sc2_mxaggressive
84,0.25,weekly,1,default,matrix,-0.0422040857788875,-0.1570167813425657,-0.1977821043568194,True,0.5695538294087249,-0.0981428680482759,-0.155372681968731,-0.3392496000265326,True,0.4980284068599652,0.0407653230142537,0.1838769180578016,tw84_th0.25_rebweekly_sc1_mxdefault
84,0.5,weekly,2,aggressive,matrix,-0.0424971885193711,-0.1614276501949895,-0.1977821043568194,True,0.4984519114574863,-0.0792983840544412,-0.1896570328365794,-0.3392496000265326,True,0.6179115623564155,0.03635445416182989,0.1495925671899532,tw84_th0.5_rebweekly_sc2_mxaggressive
63,0.5,weekly,2,aggressive,matrix,-0.0426300304480819,-0.1512604633917924,-0.1977821043568194,True,0.4801042915322863,-0.0830294097769406,-0.2118550308529432,-0.3392496000265326,True,0.5753908635502399,0.046521640965027006,0.1273945691735894,tw63_th0.5_rebweekly_sc2_mxaggressive
21,0.5,weekly,2,default,matrix,-0.0427115015500025,-0.1517333911523452,-0.1977821043568194,True,0.5508655459414826,-0.0772555597949436,-0.1230315996176657,-0.3392496000265326,True,0.7385148346741887,0.046048713204474206,0.2162180004088669,tw21_th0.5_rebweekly_sc2_mxdefault
126,0.25,daily,2,default,matrix,-0.0428840961093007,-0.1327688893910453,-0.1977821043568194,True,0.5871631262828464,-0.0843644898546909,-0.1220463538502746,-0.3392496000265326,True,0.6755896881259265,0.06501321496577409,0.217203246176258,tw126_th0.25_rebdaily_sc2_mxdefault
63,0.5,weekly,1,default,matrix,-0.0429912398861223,-0.1292827629572206,-0.1977821043568194,True,0.5622043149569051,-0.0708026835926549,-0.1314209206879233,-0.3392496000265326,True,0.838108763845966,0.06849934139959879,0.2078286793386093,tw63_th0.5_rebweekly_sc1_mxdefault
63,0.25,weekly,1,default,matrix,-0.0429994342060172,-0.1293927070591265,-0.1977821043568194,True,0.5489359191590004,-0.0821944023379608,-0.155372681968731,-0.3392496000265326,True,0.685955498956573,0.06838939729769289,0.1838769180578016,tw63_th0.25_rebweekly_sc1_mxdefault
84,0.15,daily,2,aggressive,matrix,-0.0430935461035612,-0.1478209306033431,-0.1977821043568194,True,0.4993887394377587,-0.0671022089607796,-0.1544902892454333,-0.3392496000265326,True,0.752212767914956,0.04996117375347631,0.1847593107810993,tw84_th0.15_rebdaily_sc2_mxaggressive
21,0.15,monthly,2,default,matrix,-0.0431087878926949,-0.1412037721582694,-0.1977821043568194,True,0.4743157079317251,-0.0723086642516681,-0.1562779915951578,-0.3392496000265326,True,0.692718203522665,0.05657833219854999,0.1829716084313748,tw21_th0.15_rebmonthly_sc2_mxdefault
84,0.15,monthly,2,default,matrix,-0.0435624615375098,-0.1544501867298645,-0.1977821043568194,True,0.4840815221798597,-0.0828769659833335,-0.1341010536213525,-0.3392496000265326,True,0.6393519964257365,0.0433319176269549,0.2051485464051801,tw84_th0.15_rebmonthly_sc2_mxdefault
252,0.5,weekly,2,default,matrix,-0.0437791403679239,-0.1436785347014285,-0.1977821043568194,True,0.5754667603194867,-0.0715565140724642,-0.1553726819687311,-0.3392496000265326,True,0.8142073642405294,0.0541035696553909,0.1838769180578015,tw252_th0.5_rebweekly_sc2_mxdefault
252,0.35,weekly,2,default,matrix,-0.044275208756496,-0.1424789764501826,-0.1977821043568194,True,0.5685140242465754,-0.0629987052563254,-0.1553726819687311,-0.3392496000265326,True,0.8965388561030428,0.0553031279066368,0.1838769180578015,tw252_th0.35_rebweekly_sc2_mxdefault
63,0.15,weekly,2,default,matrix,-0.0444137945334657,-0.134116847012702,-0.1977821043568194,True,0.5232425014316211,-0.0956100487668533,-0.1732569536992144,-0.3392496000265326,True,0.5097515538057702,0.0636652573441174,0.1659926463273182,tw63_th0.15_rebweekly_sc2_mxdefault
126,0.15,weekly,1,default,matrix,-0.0449838700805013,-0.1831080464959986,-0.1977821043568194,True,0.5511434734787602,-0.0765873862112535,-0.155372681968731,-0.3392496000265326,True,0.7149637893733305,0.014674057860820794,0.1838769180578016,tw126_th0.15_rebweekly_sc1_mxdefault
84,0.25,daily,2,default,matrix,-0.0451513855572088,-0.1262787256265255,-0.1977821043568194,True,0.5576527622332875,-0.086752605939453,-0.1288370359765365,-0.3392496000265326,True,0.6583933959971302,0.07150337873029389,0.2104125640499961,tw84_th0.25_rebdaily_sc2_mxdefault
126,0.15,weekly,2,default,matrix,-0.0453439264292986,-0.1772559803625714,-0.1977821043568194,True,0.5300982889778716,-0.0874432643998806,-0.1553726819687311,-0.3392496000265326,True,0.6069280488494118,0.020526123994247997,0.1838769180578015,tw126_th0.15_rebweekly_sc2_mxdefault
126,0.25,weekly,2,default,matrix,-0.0458264146105774,-0.1672456566794025,-0.1977821043568194,True,0.5280657465219397,-0.0880753774234061,-0.155372681968731,-0.3392496000265326,True,0.5993809087393535,0.030536447677416895,0.1838769180578016,tw126_th0.25_rebweekly_sc2_mxdefault
126,0.25,weekly,1,default,matrix,-0.0460225730731699,-0.1831080464959986,-0.1977821043568194,True,0.5379768675147757,-0.0758093035420279,-0.155372681968731,-0.3392496000265326,True,0.7409288877158593,0.014674057860820794,0.1838769180578016,tw126_th0.25_rebweekly_sc1_mxdefault
252,0.25,weekly,2,default,matrix,-0.0461718931854687,-0.1430961766685584,-0.1977821043568194,True,0.5428291918594729,-0.0696384926411691,-0.155372681968731,-0.3392496000265326,True,0.8121349817999868,0.054685927688261,0.1838769180578016,tw252_th0.25_rebweekly_sc2_mxdefault
126,0.5,daily,2,default,matrix,-0.0465969619917207,-0.1232424704134323,-0.1977821043568194,True,0.5425154094718617,-0.0763887339010615,-0.1090574497785564,-0.3392496000265326,True,0.7840499296031704,0.0745396339433871,0.23019215024797618,tw126_th0.5_rebdaily_sc2_mxdefault
126,0.35,daily,2,default,matrix,-0.0466399720001035,-0.1288695676695208,-0.1977821043568194,True,0.543865513229217,-0.0782056031764961,-0.1220463538502746,-0.3392496000265326,True,0.7522209476934286,0.0689125366872986,0.217203246176258,tw126_th0.35_rebdaily_sc2_mxdefault
84,0.15,weekly,2,aggressive,matrix,-0.0467398262512256,-0.1611869621025663,-0.1977821043568194,True,0.4396296923084545,-0.0850065394015121,-0.1896570328365794,-0.3392496000265326,True,0.5529701691434313,0.03659514225425309,0.1495925671899532,tw84_th0.15_rebweekly_sc2_mxaggressive
126,0.35,weekly,1,default,matrix,-0.0473367143516232,-0.1614413281835244,-0.1977821043568194,True,0.5265759951441606,-0.075371472407736,-0.155372681968731,-0.3392496000265326,True,0.7501336953944967,0.03634077617329498,0.1838769180578016,tw126_th0.35_rebweekly_sc1_mxdefault
84,0.35,weekly,2,aggressive,matrix,-0.0475595875569325,-0.1713189516152062,-0.1977821043568194,True,0.4368720563740169,-0.0862635336349552,-0.1896570328365796,-0.3392496000265326,True,0.546921835038745,0.026463152741613205,0.149592567189953,tw84_th0.35_rebweekly_sc2_mxaggressive
63,0.25,weekly,2,default,matrix,-0.0478712470502775,-0.1418486500396464,-0.1977821043568194,True,0.4872772253859141,-0.0942649015642684,-0.1604035453181375,-0.3392496000265326,True,0.5458323665864975,0.055933454317173004,0.1788460547083951,tw63_th0.25_rebweekly_sc2_mxdefault
63,0.35,weekly,2,default,matrix,-0.0481443631640956,-0.1369716981553924,-0.1977821043568194,True,0.4876652435298921,-0.0894528286589009,-0.1575104708565944,-0.3392496000265326,True,0.6019073909305951,0.060810406201427,0.1817391291699382,tw63_th0.35_rebweekly_sc2_mxdefault
84,0.25,weekly,2,aggressive,matrix,-0.0485714407204358,-0.1737085851560589,-0.1977821043568194,True,0.4245362596894627,-0.0870922308199619,-0.1896570328365794,-0.3392496000265326,True,0.5298985795845853,0.024073519200760507,0.1495925671899532,tw84_th0.25_rebweekly_sc2_mxaggressive
126,0.5,weekly,2,default,matrix,-0.0489185336509471,-0.1526600572062133,-0.1977821043568194,True,0.4891833058144644,-0.0894397211601718,-0.155372681968731,-0.3392496000265326,True,0.6044062315414402,0.04512204715060608,0.1838769180578016,tw126_th0.5_rebweekly_sc2_mxdefault
126,0.5,weekly,1,default,matrix,-0.0491974794716418,-0.1554476809554613,-0.1977821043568194,True,0.4993381445255817,-0.0733393346508987,-0.155372681968731,-0.3392496000265326,True,0.7768039026212581,0.042334423401358096,0.1838769180578016,tw126_th0.5_rebweekly_sc1_mxdefault
126,0.35,weekly,2,default,matrix,-0.0496460148268072,-0.1568816116627822,-0.1977821043568194,True,0.4842511266986267,-0.0824712848477374,-0.155372681968731,-0.3392496000265326,True,0.6608000338616659,0.0409004926940372,0.1838769180578016,tw126_th0.35_rebweekly_sc2_mxdefault
252,0.15,weekly,2,default,matrix,-0.0496986094145728,-0.1440232723779837,-0.1977821043568194,True,0.4928240066721031,-0.0684928079089359,-0.155372681968731,-0.3392496000265326,True,0.8085285054449981,0.053758831978835686,0.1838769180578016,tw252_th0.15_rebweekly_sc2_mxdefault
21,0.15,weekly,2,default,matrix,-0.0508138626950897,-0.1682127497948148,-0.1977821043568194,True,0.4342006627406791,-0.0499524744186759,-0.1453603902061265,-0.3392496000265326,True,1.003724314974168,0.0295693545620046,0.19388920982040608,tw21_th0.15_rebweekly_sc2_mxdefault
84,0.5,weekly,2,default,matrix,-0.0513461145158269,-0.1444507289927415,-0.1977821043568194,True,0.4651813233223718,-0.0936819209016659,-0.1553726819687311,-0.3392496000265326,True,0.5623209394741775,0.05333137536407789,0.1838769180578015,tw84_th0.5_rebweekly_sc2_mxdefault
63,0.5,weekly,2,default,matrix,-0.0514789564445377,-0.1340777072019648,-0.1977821043568194,True,0.4451429620588952,-0.0974129466241653,-0.1945372850024983,-0.3392496000265326,True,0.5143555233436509,0.0637043971548546,0.14471231502403428,tw63_th0.5_rebweekly_sc2_mxdefault
84,0.15,daily,2,default,matrix,-0.051942472100017,-0.1384018209140176,-0.1977821043568194,True,0.4637245184160684,-0.0814857458080043,-0.1310034381772489,-0.3392496000265326,True,0.7157001625023354,0.0593802834428018,0.20824616184928368,tw84_th0.15_rebdaily_sc2_mxdefault
84,0.15,weekly,2,default,matrix,-0.0555887522476814,-0.1442051681630048,-0.1977821043568194,True,0.3968333516440618,-0.0993900762487368,-0.155372681968731,-0.3392496000265326,True,0.4854803269142925,0.053576936193814595,0.1838769180578016,tw84_th0.15_rebweekly_sc2_mxdefault
84,0.35,weekly,2,default,matrix,-0.0564085135533883,-0.1545422800930698,-0.1977821043568194,True,0.3939897091468806,-0.1006470704821799,-0.155372681968731,-0.3392496000265326,True,0.4790487446354049,0.04323982426374959,0.1838769180578016,tw84_th0.35_rebweekly_sc2_mxdefault
84,0.25,weekly,2,default,matrix,-0.0574203667168917,-0.1569802918332928,-0.1977821043568194,True,0.3795824756005055,-0.1014757676671866,-0.155372681968731,-0.3392496000265326,True,0.4601124286359498,0.040801812523526604,0.1838769180578016,tw84_th0.25_rebweekly_sc2_mxdefault
21,0.35,monthly,2,aggressive,matrix,-0.033108631291468,-0.2006037822101204,-0.1977821043568194,False,0.501235911205926,-0.056460931688544,-0.200440407736097,-0.3392496000265326,True,0.7682818945701202,-0.002821677853301008,0.1388091922904356,tw21_th0.35_rebmonthly_sc2_mxaggressive
126,0.15,weekly,1,aggressive,matrix,-0.0361349440840455,-0.1993178789338905,-0.1977821043568194,False,0.5749563080942025,-0.0622038493640288,-0.1896570328365794,-0.3392496000265326,True,0.7493321277208524,-0.0015357745770711029,0.1495925671899532,tw126_th0.15_rebweekly_sc1_mxaggressive
126,0.25,weekly,1,aggressive,matrix,-0.0371736470767141,-0.1993178789338905,-0.1977821043568194,False,0.5633252662427986,-0.0614257666948032,-0.1896570328365796,-0.3392496000265326,True,0.7719880194996787,-0.0015357745770711029,0.149592567189953,tw126_th0.25_rebweekly_sc1_mxaggressive
