trend_window,trend_threshold,rebalance,state_confirm,matrix_name,sizing_mode,train_excess_return,train_max_drawdown,train_benchmark_drawdown,train_pass_dd,train_sharpe,holdout_excess_return,holdout_max_drawdown,holdout_benchmark_drawdown,holdout_pass_dd,holdout_sharpe
21,0.15,daily,1,aggressive,matrix,0.07101728710561932,-0.08858430898143954,-0.19778210435681942,True,1.7816695563254057,0.06820849552100361,-0.09034286673012015,-0.3392496000265326,True,2.0853248328794822
21,0.25,daily,1,aggressive,matrix,0.0667398455289173,-0.08890826661599294,-0.19778210435681942,True,1.7208329205452744,0.068058025835953,-0.09138550468642959,-0.3392496000265326,True,2.101449449485635
21,0.35,daily,1,aggressive,matrix,0.06336772943961493,-0.0913863561114776,-0.19778210435681942,True,1.697682271982051,0.06628623883540213,-0.09138550468642981,-0.3392496000265326,True,2.111702590416426
21,0.15,daily,1,default,matrix,0.06216836110916353,-0.07298831578817433,-0.19778210435681942,True,1.9555139729556466,0.053824958673778955,-0.06021007665582612,-0.3392496000265326,True,2.289778149087555
21,0.25,daily,1,default,matrix,0.05789091953246152,-0.07298831578817433,-0.19778210435681942,True,1.886006057562111,0.05367448898872823,-0.05814798162675394,-0.3392496000265326,True,2.3167442997701357
21,0.5,daily,1,aggressive,matrix,0.05598366879901863,-0.08858430898143954,-0.19778210435681942,True,1.6330611665080985,0.0603155151605245,-0.0913855046864297,-0.3392496000265326,True,2.055584067620239
21,0.35,daily,1,default,matrix,0.05451880344315917,-0.07482228963846171,-0.19778210435681942,True,1.8634567008067537,0.0519027019881774,-0.05294343827350401,-0.3392496000265326,True,2.3357139987022535
21,0.5,daily,1,default,matrix,0.04713474280256276,-0.07298831578817433,-0.19778210435681942,True,1.7930384431299655,0.04593197831329979,-0.06719550521105555,-0.3392496000265326,True,2.2802308103819597
42,0.35,daily,1,aggressive,matrix,0.04228873069124463,-0.08858430898143954,-0.19778210435681942,True,1.4534575650855392,0.016252883879346314,-0.10473774962853666,-0.3392496000265326,True,1.5728042942146676
42,0.5,daily,1,aggressive,matrix,0.03787653950175572,-0.08858430898143954,-0.19778210435681942,True,1.4153882478915258,0.008369553441406385,-0.10771604589483952,-0.3392496000265326,True,1.5129480631090189
42,0.25,daily,1,aggressive,matrix,0.037856089560001124,-0.08858430898143954,-0.19778210435681942,True,1.3870208512570947,0.0143744219798419,-0.09721302660648612,-0.3392496000265326,True,1.5441348808139206
42,0.15,daily,1,aggressive,matrix,0.03418711232738798,-0.08858430898143954,-0.19778210435681942,True,1.338712262605289,0.01796685820281846,-0.09530133748224812,-0.3392496000265326,True,1.5747412024191565
42,0.35,daily,1,default,matrix,0.03343980469478883,-0.07298831578817433,-0.19778210435681942,True,1.572556432213885,0.0018693470321216044,-0.09155926700596617,-0.3392496000265326,True,1.68706094168631
84,0.15,daily,1,aggressive,matrix,0.033057014561088935,-0.08858430898143954,-0.19778210435681942,True,1.3840232415699503,-0.00665230073588452,-0.12282477662105196,-0.3392496000265326,True,1.3638148901417932
84,0.35,daily,1,aggressive,matrix,0.03153438667487142,-0.08858430898143954,-0.19778210435681942,True,1.3646998357653752,-0.009359371388066445,-0.12399376612844804,-0.3392496000265326,True,1.3665104326164683
84,0.5,daily,1,aggressive,matrix,0.03034748682787003,-0.08858430898143954,-0.19778210435681942,True,1.3529614179528118,-0.008885654606408666,-0.11578925211935731,-0.3392496000265326,True,1.3836158117553452
84,0.25,daily,1,aggressive,matrix,0.029140073465883473,-0.08858430898143954,-0.19778210435681942,True,1.340585618999878,-0.010637425958279684,-0.12282477662105173,-0.3392496000265326,True,1.3351473564878376
42,0.5,daily,1,default,matrix,0.029027613505299907,-0.07298831578817433,-0.19778210435681942,True,1.531240993587805,-0.006013983405818296,-0.09102872359512726,-0.3392496000265326,True,1.6212915048925272
42,0.25,daily,1,default,matrix,0.029007163563545324,-0.07298831578817433,-0.19778210435681942,True,1.4925237854316502,-9.114867382836733e-06,-0.08334619990515935,-0.3392496000265326,True,1.6502378229344192
42,0.15,daily,1,default,matrix,0.025338186330932183,-0.07298831578817433,-0.19778210435681942,True,1.4348649390066042,0.0035833213555937493,-0.08022350523558741,-0.3392496000265326,True,1.684178413388266
84,0.15,daily,1,default,matrix,0.024208088564633093,-0.07298831578817433,-0.19778210435681942,True,1.4918189802516109,-0.02103583758310923,-0.10663432142589291,-0.3392496000265326,True,1.43487347741588
126,0.15,daily,1,aggressive,matrix,0.024092969508943046,-0.08858430898143954,-0.19778210435681942,True,1.3041777316150203,-0.011905955795615597,-0.1227488010088984,-0.3392496000265326,True,1.2908585422266372
84,0.35,daily,1,default,matrix,0.022685460678415606,-0.07298831578817433,-0.19778210435681942,True,1.4736711100565032,-0.023742908235291113,-0.10761086661096031,-0.3392496000265326,True,1.4450975884435506
126,0.35,daily,1,aggressive,matrix,0.022607124376676863,-0.08858430898143954,-0.19778210435681942,True,1.2899191293334777,-0.011184087803835646,-0.12274880100889829,-0.3392496000265326,True,1.32395742545749
126,0.25,daily,1,aggressive,matrix,0.02229362416108477,-0.08858430898143954,-0.19778210435681942,True,1.284879465208356,-0.012826062111073483,-0.12274880100889829,-0.3392496000265326,True,1.2970289124006038
84,0.5,daily,1,default,matrix,0.021498560831414257,-0.07298831578817433,-0.19778210435681942,True,1.4622424007054962,-0.023269191453633348,-0.10100330594834317,-0.3392496000265326,True,1.4681255026709836
252,0.5,daily,1,aggressive,matrix,0.021092163039754905,-0.08858430898143954,-0.19778210435681942,True,1.307308415656227,0.004250774690369191,-0.09383167468867049,-0.3392496000265326,True,1.5153708305668878
126,0.5,daily,1,aggressive,matrix,0.020767492744000096,-0.08858430898143954,-0.19778210435681942,True,1.2679931550448444,-0.008927715128505265,-0.11461927296673391,-0.3392496000265326,True,1.3611409650128636
63,0.5,daily,1,aggressive,matrix,0.020520370013836622,-0.08858430898143954,-0.19778210435681942,True,1.2255885509159439,-0.009957251480649243,-0.12280339940332186,-0.3392496000265326,True,1.3601724748122368
84,0.25,daily,1,default,matrix,0.020291147469427673,-0.07298831578817433,-0.19778210435681942,True,1.4438758666129552,-0.025020962805504393,-0.10663432142589302,-0.3392496000265326,True,1.4035162334149887
252,0.35,daily,1,aggressive,matrix,0.01858833516868713,-0.08858430898143954,-0.19778210435681942,True,1.2773693637537518,0.002178890558937885,-0.10551853973960612,-0.3392496000265326,True,1.495237171402388
252,0.25,daily,1,aggressive,matrix,0.018005476617548047,-0.08858430898143954,-0.19778210435681942,True,1.2655409880218254,0.0067506201591787385,-0.10734215776335665,-0.3392496000265326,True,1.5487777482015517
63,0.35,daily,1,aggressive,matrix,0.01768378638357182,-0.08858430898143954,-0.19778210435681942,True,1.1937118898986567,-0.009021629965457495,-0.12266023200438869,-0.3392496000265326,True,1.3656326500698608
252,0.15,daily,1,aggressive,matrix,0.016592966768250034,-0.08858430898143954,-0.19778210435681942,True,1.2462253666775716,0.010565993487046454,-0.10734215776335665,-0.3392496000265326,True,1.575628334849822
126,0.15,daily,1,default,matrix,0.01524404351248726,-0.07298831578817433,-0.19778210435681942,True,1.3995189231466414,-0.02628949264284028,-0.08563366689385599,-0.3392496000265326,True,1.3479237842470693
126,0.35,daily,1,default,matrix,0.013758198380221062,-0.07298831578817433,-0.19778210435681942,True,1.38640879853427,-0.025567624651060356,-0.08563366689385599,-0.3392496000265326,True,1.3912220340147037
63,0.15,daily,1,aggressive,matrix,0.013618142333409092,-0.0958287550791308,-0.19778210435681942,True,1.1353450540585228,-0.004811987535065537,-0.1271774317701322,-0.3392496000265326,True,1.3835835132675534
126,0.25,daily,1,default,matrix,0.013444698164628996,-0.07298831578817433,-0.19778210435681942,True,1.3785538634113097,-0.027209598958298192,-0.0856336668938561,-0.3392496000265326,True,1.35707819651263
252,0.5,daily,1,default,matrix,0.012243237043299104,-0.07298831578817433,-0.19778210435681942,True,1.4089268278231146,-0.010132762156855518,-0.08395182553485903,-0.3392496000265326,True,1.6151009968581198
126,0.5,daily,1,default,matrix,0.011918566747544324,-0.07298831578817433,-0.19778210435681942,True,1.3627264540509663,-0.023311251975729946,-0.0771601911615385,-0.3392496000265326,True,1.4397063236076384
63,0.5,daily,1,default,matrix,0.011671444017380836,-0.07298831578817433,-0.19778210435681942,True,1.310188599557972,-0.02434078832787394,-0.106612549638325,-0.3392496000265326,True,1.4422174569307222
63,0.25,daily,1,aggressive,matrix,0.010446529326963813,-0.09436677266099369,-0.19778210435681942,True,1.1040933704299019,-0.007452400555490318,-0.1263301236350135,-0.3392496000265326,True,1.375369253388229
252,0.35,daily,1,default,matrix,0.009739409172231345,-0.07298831578817433,-0.19778210435681942,True,1.3720359129661621,-0.012204646288286825,-0.07919219239714659,-0.3392496000265326,True,1.5875026142513986
252,0.25,daily,1,default,matrix,0.009156550621092246,-0.07298831578817433,-0.19778210435681942,True,1.3570168228108197,-0.007632916688045915,-0.07746542018942881,-0.3392496000265326,True,1.6468869298666662
63,0.35,daily,1,default,matrix,0.008834860387116047,-0.07298831578817433,-0.19778210435681942,True,1.271037096653579,-0.023405166812682204,-0.10646673972818521,-0.3392496000265326,True,1.444290949646282
252,0.15,daily,1,default,matrix,0.007744040771794233,-0.07298831578817433,-0.19778210435681942,True,1.3332201076048549,-0.003817543360178255,-0.08144202767346576,-0.3392496000265326,True,1.6754023436814216
63,0.15,daily,1,default,matrix,0.0047692163369532775,-0.08238049107809953,-0.19778210435681942,True,1.2003140633979357,-0.019195524382290247,-0.11106731567518158,-0.3392496000265326,True,1.4598307018598908
63,0.25,daily,1,default,matrix,0.001597603330507999,-0.08089676374644683,-0.19778210435681942,True,1.1650930501258776,-0.021835937402715028,-0.11020436835642822,-0.3392496000265326,True,1.4528028668688253
21,0.35,weekly,1,aggressive,matrix,-0.009187633661430411,-0.11768933282478511,-0.19778210435681942,True,0.8580679209013048,-0.016491535575575617,-0.12587569096995666,-0.3392496000265326,True,1.2140126388600923
42,0.15,weekly,1,aggressive,matrix,-0.009956717032940807,-0.1273181240982324,-0.19778210435681942,True,0.8176384611319415,-0.0450810885075322,-0.15885281015262298,-0.3392496000265326,True,0.9253790479002703
21,0.5,weekly,1,aggressive,matrix,-0.010232797240872019,-0.11650609644406229,-0.19778210435681942,True,0.8540495816958018,-0.033798873723054956,-0.12587569096995666,-0.3392496000265326,True,1.076295126185501
42,0.15,monthly,1,aggressive,matrix,-0.010454855979158753,-0.12412838200616927,-0.19778210435681942,True,0.7733260448188983,-0.05833611993301312,-0.1753300116894212,-0.3392496000265326,True,0.7445920925340855
42,0.35,daily,2,aggressive,matrix,-0.010634772337016582,-0.09705832941800208,-0.19778210435681942,True,0.841314109896685,-0.051402324429275115,-0.1450204169597712,-0.3392496000265326,True,0.8876391370552822
42,0.15,daily,2,aggressive,matrix,-0.010838954889118319,-0.0981770577438813,-0.19778210435681942,True,0.8246440391986976,-0.057360761064824975,-0.1640223064108277,-0.3392496000265326,True,0.8249382076420803
42,0.25,daily,2,aggressive,matrix,-0.011229403980529712,-0.09705832941800208,-0.19778210435681942,True,0.8242157005264453,-0.05301887488405617,-0.1325138407279174,-0.3392496000265326,True,0.8704267884140634
42,0.35,weekly,1,aggressive,matrix,-0.011690827393139772,-0.1036332596284808,-0.19778210435681942,True,0.8318838633218402,-0.04120483715484222,-0.15885281015262287,-0.3392496000265326,True,0.966846809915826
21,0.15,weekly,1,aggressive,matrix,-0.01181090156127236,-0.11545699833090572,-0.19778210435681942,True,0.8219108654060602,-0.017451836828330958,-0.12687760163474926,-0.3392496000265326,True,1.178413103901249
42,0.15,weekly,2,aggressive,matrix,-0.01256409001271555,-0.1273181240982325,-0.19778210435681942,True,0.7853020280806737,-0.059760435958956415,-0.18965703283657953,-0.3392496000265326,True,0.7588286374126244
42,0.25,weekly,1,aggressive,matrix,-0.012564707394866093,-0.1273181240982325,-0.19778210435681942,True,0.7949154761105305,-0.0452659650510953,-0.15885281015262276,-0.3392496000265326,True,0.9221136983764981
42,0.25,monthly,1,aggressive,matrix,-0.012871404004704684,-0.12412838200616949,-0.19778210435681942,True,0.7481274293095073,-0.06069574275884458,-0.17533001168942108,-0.3392496000265326,True,0.7278971681107039
21,0.25,weekly,1,aggressive,matrix,-0.013051346741001335,-0.13024015192649585,-0.19778210435681942,True,0.8104512072634736,-0.020600494179406556,-0.12687760163474904,-0.3392496000265326,True,1.1564963275194735
42,0.35,monthly,1,aggressive,matrix,-0.014569610957940807,-0.12412838200616949,-0.19778210435681942,True,0.7297651831912688,-0.062354212631265934,-0.17113615065317234,-0.3392496000265326,True,0.7228228526491909
42,0.5,daily,2,aggressive,matrix,-0.014861146637674585,-0.09705832941800208,-0.19778210435681942,True,0.8165881480338585,-0.05671448344000184,-0.16194654289029786,-0.3392496000265326,True,0.8518992896124297
42,0.15,monthly,2,aggressive,matrix,-0.016402949061306057,-0.12412838200616927,-0.19778210435681942,True,0.693640080037163,-0.06982258233084916,-0.19513584746249746,-0.3392496000265326,True,0.6374550409710559
42,0.35,monthly,2,aggressive,matrix,-0.016645920895679525,-0.12412838200616938,-0.19778210435681942,True,0.7090399693018767,-0.06253361947525374,-0.18641112314831243,-0.3392496000265326,True,0.7180193134053563
42,0.5,monthly,1,aggressive,matrix,-0.01704134042252993,-0.10649714132218491,-0.19778210435681942,True,0.7302238367709225,-0.06526498672441718,-0.168924476642222,-0.3392496000265326,True,0.7147634820056816
63,0.15,monthly,1,aggressive,matrix,-0.017154690814635457,-0.13013474900823807,-0.19778210435681942,True,0.7018058504219359,-0.06928204358375618,-0.1692817868131936,-0.3392496000265326,True,0.6631831854320257
42,0.5,monthly,2,aggressive,matrix,-0.017378263680427317,-0.11418908388766513,-0.19778210435681942,True,0.7199403951623344,-0.07007835742838181,-0.19384855761779174,-0.3392496000265326,True,0.6543426873820349
21,0.35,daily,2,aggressive,matrix,-0.017613021396205672,-0.12355693943413026,-0.19778210435681942,True,0.7715047729663265,-0.02686843473242745,-0.1381852565924735,-0.3392496000265326,True,1.1353888838567947
21,0.35,weekly,1,default,matrix,-0.018036559657886198,-0.10865867822580921,-0.19778210435681942,True,0.8836509584486677,-0.030875072422800298,-0.09179830717684057,-0.3392496000265326,True,1.2655209865509092
63,0.25,monthly,1,aggressive,matrix,-0.018206981238515857,-0.13317617325300324,-0.19778210435681942,True,0.6910046331819721,-0.07173078287269767,-0.19023321335617516,-0.3392496000265326,True,0.6388381643381607
42,0.5,weekly,1,aggressive,matrix,-0.01866983364648478,-0.1036332596284808,-0.19778210435681942,True,0.760493745446884,-0.05114862867323286,-0.15885281015262287,-0.3392496000265326,True,0.8898223832415796
42,0.15,weekly,1,default,matrix,-0.01880564302939662,-0.12089164914094253,-0.19778210435681942,True,0.8315729581239005,-0.0594646253547569,-0.12326518052318414,-0.3392496000265326,True,0.9222333912445113
63,0.15,monthly,2,aggressive,matrix,-0.018872373054377015,-0.12841209753860894,-0.19778210435681942,True,0.6708770615842161,-0.06601983844753356,-0.17365144455239745,-0.3392496000265326,True,0.6863009941701126
21,0.5,weekly,1,default,matrix,-0.01908172323732782,-0.10865867822580921,-0.19778210435681942,True,0.880447931313193,-0.048182410570279624,-0.09179830717684034,-0.3392496000265326,True,1.1067954729170206
63,0.25,monthly,2,aggressive,matrix,-0.01919387976870593,-0.13145954491619727,-0.19778210435681942,True,0.667460255960959,-0.06472724944663626,-0.17365144455239745,-0.3392496000265326,True,0.7025817928688546
42,0.15,monthly,1,default,matrix,-0.019303781975614567,-0.1081048340972629,-0.19778210435681942,True,0.7816515350513462,-0.0727196567802378,-0.15415951460222743,-0.3392496000265326,True,0.7125517172110118
21,0.25,daily,2,aggressive,matrix,-0.019330998150584977,-0.11834923602678282,-0.19778210435681942,True,0.7406175277065133,-0.022638142113660123,-0.14022334640918477,-0.3392496000265326,True,1.1729287374824648
42,0.35,daily,2,default,matrix,-0.019483698333472382,-0.08936147664950123,-0.19778210435681942,True,0.8605110893709681,-0.06578586127649982,-0.1278394043097405,-0.3392496000265326,True,0.879345536505712
21,0.5,monthly,1,aggressive,matrix,-0.019506565617502844,-0.15992248119869046,-0.19778210435681942,True,0.6916747329302628,-0.062150442910364354,-0.1978148940738308,-0.3392496000265326,True,0.7891183646482095
42,0.25,monthly,2,aggressive,matrix,-0.019625687998786653,-0.12477094684663304,-0.19778210435681942,True,0.6748599459058459,-0.06866803099873635,-0.192681879437259,-0.3392496000265326,True,0.6509236646761136
42,0.15,daily,2,default,matrix,-0.01968788088557412,-0.09255052019756904,-0.19778210435681942,True,0.8401745481961407,-0.07174429791204967,-0.14722314112827706,-0.3392496000265326,True,0.8035655168965272
21,0.15,monthly,1,aggressive,matrix,-0.019858977045308576,-0.15992248119869035,-0.19778210435681942,True,0.671881333042209,-0.05576016513614648,-0.19372682185995094,-0.3392496000265326,True,0.7739959531717693
126,0.5,monthly,1,aggressive,matrix,-0.019872849388684,-0.14267094092489752,-0.19778210435681942,True,0.7000231203820904,-0.07017481752628241,-0.16924884325588918,-0.3392496000265326,True,0.6797620735429409
42,0.35,weekly,2,aggressive,matrix,-0.020012779463618915,-0.1273181240982325,-0.19778210435681942,True,0.7097562825559054,-0.05493536657276381,-0.18965703283657942,-0.3392496000265326,True,0.8144614668372345
21,0.35,monthly,1,aggressive,matrix,-0.020073345066793022,-0.15992248119869046,-0.19778210435681942,True,0.6658248265922412,-0.05762304556911953,-0.20536816499549104,-0.3392496000265326,True,0.7783399857033498
42,0.25,daily,2,default,matrix,-0.020078329976985526,-0.08936147664950111,-0.19778210435681942,True,0.8401056234490255,-0.06740241173128089,-0.1150815055332195,-0.3392496000265326,True,0.858202949392666
126,0.35,monthly,1,aggressive,matrix,-0.020279905298151074,-0.14789080120011944,-0.19778210435681942,True,0.6852323044780522,-0.06654234327672434,-0.16924884325588918,-0.3392496000265326,True,0.6954657661372776
42,0.35,weekly,1,default,matrix,-0.020539753389595586,-0.09633880835015085,-0.19778210435681942,True,0.8501164052212195,-0.05558837400206691,-0.12326518052318414,-0.3392496000265326,True,0.97229652548545
21,0.15,weekly,1,default,matrix,-0.02065982755772816,-0.10447719118956511,-0.19778210435681942,True,0.8403341170560041,-0.03183537367555564,-0.09324730874082521,-0.3392496000265326,True,1.220043294696029
63,0.35,monthly,2,aggressive,matrix,-0.020831577969300394,-0.12412838200616949,-0.19778210435681942,True,0.6526540983889142,-0.06944075303736363,-0.16928178681319372,-0.3392496000265326,True,0.6777857884009799
42,0.15,weekly,2,default,matrix,-0.02141301600917138,-0.12089164914094241,-0.19778210435681942,True,0.7940144441648872,-0.0741439728061811,-0.15537268196873122,-0.3392496000265326,True,0.728402589240449
42,0.25,weekly,1,default,matrix,-0.021413633391321907,-0.12089164914094241,-0.19778210435681942,True,0.8061823426796717,-0.059649501898319995,-0.12326518052318425,-0.3392496000265326,True,0.9193978179044987
252,0.5,daily,2,aggressive,matrix,-0.02147760359844711,-0.10147661668020991,-0.19778210435681942,True,0.787274890265737,-0.043555172737834685,-0.13730051698178214,-0.3392496000265326,True,1.0124674817647668
63,0.35,monthly,1,aggressive,matrix,-0.021503441348192168,-0.133263300312513,-0.19778210435681942,True,0.6526184858839428,-0.06403003714977884,-0.1871367052128624,-0.3392496000265326,True,0.7227364780513303
42,0.25,monthly,1,default,matrix,-0.021720330001160484,-0.10810483409726301,-0.19778210435681942,True,0.7542056660022425,-0.07507927960606926,-0.15415951460222732,-0.3392496000265326,True,0.6944187218112309
21,0.25,monthly,1,aggressive,matrix,-0.021761691114236217,-0.15992248119869046,-0.19778210435681942,True,0.6501937867519496,-0.05663746786303103,-0.19372682185995083,-0.3392496000265326,True,0.7756625432495585
252,0.35,daily,2,aggressive,matrix,-0.02184183861595626,-0.09038283129976799,-0.19778210435681942,True,0.7805594254337663,-0.04016390591036938,-0.13730051698178236,-0.3392496000265326,True,1.0350457314453336
21,0.25,weekly,1,default,matrix,-0.021900272737457135,-0.11263183892993966,-0.19778210435681942,True,0.8275674599861002,-0.03498403102663121,-0.0965720204952264,-0.3392496000265326,True,1.1960768433538103
42,0.25,weekly,2,aggressive,matrix,-0.02208089347667455,-0.14061302125941266,-0.19778210435681942,True,0.6835910946025221,-0.05938746071211223,-0.18965703283657953,-0.3392496000265326,True,0.7711941043369619
21,0.5,monthly,2,aggressive,matrix,-0.022299290961647317,-0.1805155332893288,-0.19778210435681942,True,0.6366925385903227,-0.06704495700038839,-0.1978148940738309,-0.3392496000265326,True,0.698519291422011
63,0.5,monthly,2,aggressive,matrix,-0.022605830428471155,-0.12412838200616949,-0.19778210435681942,True,0.6406516930316486,-0.06447875353319724,-0.16924884325588918,-0.3392496000265326,True,0.7320410587652469
84,0.15,monthly,1,aggressive,matrix,-0.023075108963266894,-0.15112091965421615,-0.19778210435681942,True,0.64134835203302,-0.06508050713848737,-0.1692488432558893,-0.3392496000265326,True,0.7380844115469137
252,0.25,daily,2,aggressive,matrix,-0.023105892662332525,-0.0903828312997681,-0.19778210435681942,True,0.7616424190546143,-0.03778409244544144,-0.13257575217845718,-0.3392496000265326,True,1.053722165378122
21,0.5,daily,2,aggressive,matrix,-0.023283097978831005,-0.1394899687018979,-0.19778210435681942,True,0.7195032118567574,-0.03179012542954124,-0.1212163900961466,-0.3392496000265326,True,1.1116526705760834
42,0.35,monthly,1,default,matrix,-0.023418536954396607,-0.1081048340972629,-0.19778210435681942,True,0.7335734703637847,-0.07673774947849062,-0.15290233223679683,-0.3392496000265326,True,0.6878908899447409
42,0.5,daily,2,default,matrix,-0.023710072634130372,-0.08736379849877751,-0.19778210435681942,True,0.8337429988740013,-0.07109802028722653,-0.14510566465926,-0.3392496000265326,True,0.8389846905518098
84,0.5,monthly,1,aggressive,matrix,-0.024005084381600733,-0.16994415786784278,-0.19778210435681942,True,0.6361987705818055,-0.06518273917346912,-0.1692488432558893,-0.3392496000265326,True,0.7335335166090338
84,0.5,monthly,2,aggressive,matrix,-0.02434170156510837,-0.15089972641508687,-0.19778210435681942,True,0.6367749906839718,-0.06488536448820031,-0.16924884325588907,-0.3392496000265326,True,0.7537203263940746
252,0.25,weekly,1,aggressive,matrix,-0.024819436557501268,-0.1273181240982324,-0.19778210435681942,True,0.722590886674322,-0.04532613818205,-0.18965703283657953,-0.3392496000265326,True,0.9516661722494582
21,0.15,daily,2,aggressive,matrix,-0.025251271463802447,-0.12353605115984356,-0.19778210435681942,True,0.6832542378735119,-0.027769240707100365,-0.14903165504721705,-0.3392496000265326,True,1.1065460507378244
42,0.15,monthly,2,default,matrix,-0.02525187505776187,-0.11805360351156113,-0.19778210435681942,True,0.690819678334184,-0.08420611917807383,-0.17899466797919283,-0.3392496000265326,True,0.5889655036226797
252,0.15,weekly,1,aggressive,matrix,-0.025344095697107216,-0.1273181240982324,-0.19778210435681942,True,0.7182657281490923,-0.050231154404543954,-0.18965703283657953,-0.3392496000265326,True,0.8888071832291004
42,0.35,monthly,2,default,matrix,-0.025494846892135326,-0.1081048340972629,-0.19778210435681942,True,0.7091273793449364,-0.0769171563224784,-0.16851333226530196,-0.3392496000265326,True,0.6825535713393032
252,0.5,monthly,2,aggressive,matrix,-0.025571912493824206,-0.12412838200616938,-0.19778210435681942,True,0.6438566117428981,-0.04727117135700967,-0.16924884325588918,-0.3392496000265326,True,0.904333202498355
42,0.5,monthly,1,default,matrix,-0.025890266418985744,-0.09596181958548522,-0.19778210435681942,True,0.7352371032946324,-0.07964852357164187,-0.1506420045629513,-0.3392496000265326,True,0.6780641104152219
252,0.35,monthly,1,aggressive,matrix,-0.025976177738382816,-0.12412838200616949,-0.19778210435681942,True,0.6506790039493936,-0.04643302802763684,-0.16924884325588918,-0.3392496000265326,True,0.8984436235753159
63,0.15,monthly,1,default,matrix,-0.02600361681109127,-0.12385932567946933,-0.19778210435681942,True,0.7009451917449014,-0.08366558043098088,-0.1492971752351312,-0.3392496000265326,True,0.6193391363947934
42,0.5,monthly,2,default,matrix,-0.02622718967688311,-0.10374445809997201,-0.19778210435681942,True,0.7226960483000427,-0.0844618942756065,-0.1761143796486596,-0.3392496000265326,True,0.61068176541752
21,0.35,daily,2,default,matrix,-0.026461947392661472,-0.110853114496126,-0.19778210435681942,True,0.7817814466482848,-0.04125197157965213,-0.11643751251688095,-0.3392496000265326,True,1.1720112385876231
252,0.15,monthly,1,aggressive,matrix,-0.026587797115104943,-0.12412838200616949,-0.19778210435681942,True,0.6503925903657148,-0.05025441502823212,-0.16924884325588918,-0.3392496000265326,True,0.8439485011735154
252,0.15,daily,2,aggressive,matrix,-0.026778035442800857,-0.09847728318071858,-0.19778210435681942,True,0.7118086749081589,-0.04073850837144495,-0.13257575217845696,-0.3392496000265326,True,1.0021645057147885
126,0.15,monthly,2,aggressive,matrix,-0.026820997887140423,-0.14789080120011944,-0.19778210435681942,True,0.6127332462530461,-0.0768163058050721,-0.17214222108096433,-0.3392496000265326,True,0.5895713455078552
42,0.5,weekly,2,aggressive,matrix,-0.026834760694735914,-0.1273181240982324,-0.19778210435681942,True,0.6553094265360175,-0.06720323833505445,-0.18965703283657942,-0.3392496000265326,True,0.7114401483611568
63,0.5,monthly,1,aggressive,matrix,-0.02686912522144564,-0.133263300312513,-0.19778210435681942,True,0.6050280897126259,-0.05598624161028819,-0.16471113402467197,-0.3392496000265326,True,0.8162276738373061
126,0.25,monthly,1,aggressive,matrix,-0.026996465151752025,-0.14789080120011922,-0.19778210435681942,True,0.6098439615113215,-0.0713177873149308,-0.16924884325588918,-0.3392496000265326,True,0.6552156249541093
63,0.25,monthly,1,default,matrix,-0.02705590723497167,-0.12842218775905323,-0.19778210435681942,True,0.6887091377698867,-0.08611431971992237,-0.1707526308397379,-0.3392496000265326,True,0.5925394214861819
252,0.25,monthly,1,aggressive,matrix,-0.027111604437075172,-0.12412838200616949,-0.19778210435681942,True,0.644877381252349,-0.049467542803150535,-0.16924884325588918,-0.3392496000265326,True,0.8517962969742809
84,0.25,monthly,1,aggressive,matrix,-0.027237680688373872,-0.1658817129039868,-0.19778210435681942,True,0.600650269381478,-0.06903367026743724,-0.16924884325588907,-0.3392496000265326,True,0.7059351278508682
126,0.15,monthly,1,aggressive,matrix,-0.027513154640336455,-0.14789080120011944,-0.19778210435681942,True,0.6012606250118723,-0.0723832174803435,-0.16924884325588918,-0.3392496000265326,True,0.6467592681354488
42,0.5,weekly,1,default,matrix,-0.02751875964294058,-0.09557910664925306,-0.19778210435681942,True,0.7683227408453038,-0.06553216552045756,-0.12326518052318425,-0.3392496000265326,True,0.8838759865085678
126,0.5,monthly,2,aggressive,matrix,-0.027715719393978502,-0.14789080120011944,-0.19778210435681942,True,0.6152250163615578,-0.07354845338729483,-0.16924884325588918,-0.3392496000265326,True,0.6397306367782647
63,0.15,monthly,2,default,matrix,-0.027721299050832822,-0.12212424657555099,-0.19778210435681942,True,0.6663923392659744,-0.08040337529475826,-0.15377195395430232,-0.3392496000265326,True,0.6461900303364848
252,0.15,monthly,2,aggressive,matrix,-0.02782193680869352,-0.12412838200616949,-0.19778210435681942,True,0.627196027747644,-0.04572150423512231,-0.16924884325588896,-0.3392496000265326,True,0.881440813739044
252,0.5,monthly,1,aggressive,matrix,-0.027834452024959183,-0.12412838200616949,-0.19778210435681942,True,0.6286496886631887,-0.04590696161097846,-0.16924884325588918,-0.3392496000265326,True,0.909573224277432
84,0.5,daily,2,aggressive,matrix,-0.027852489416584164,-0.11961197406820834,-0.19778210435681942,True,0.6769621258343009,-0.07639880369121259,-0.17146166365768234,-0.3392496000265326,True,0.6752985317858975
252,0.35,monthly,2,aggressive,matrix,-0.027862809570584575,-0.12412838200616949,-0.19778210435681942,True,0.6318566009857323,-0.03757881963363209,-0.16924884325588918,-0.3392496000265326,True,0.9717971195200615
63,0.25,monthly,2,default,matrix,-0.02804280576516173,-0.12519367899317269,-0.19778210435681942,True,0.6624080673186206,-0.07911078629386095,-0.153771953954302,-0.3392496000265326,True,0.6647205059726404
126,0.25,monthly,2,aggressive,matrix,-0.02808553291530893,-0.14789080120011933,-0.19778210435681942,True,0.6070437003061059,-0.0713748345186376,-0.16924884325588907,-0.3392496000265326,True,0.6603195348795562
84,0.35,monthly,2,aggressive,matrix,-0.028137364890925456,-0.1610657090664137,-0.19778210435681942,True,0.5905250161645228,-0.06766954538283175,-0.16924884325588907,-0.3392496000265326,True,0.7217772200087582
21,0.25,daily,2,default,matrix,-0.028179924147040812,-0.11051818904446309,-0.19778210435681942,True,0.7452180257925388,-0.03702167896088482,-0.11852703317308089,-0.3392496000265326,True,1.2145575447686727
252,0.35,weekly,1,aggressive,matrix,-0.028278013872904878,-0.12651987507493334,-0.19778210435681942,True,0.6864770900432977,-0.043717634988685417,-0.18965703283657964,-0.3392496000265326,True,0.969054950199841
252,0.25,monthly,2,aggressive,matrix,-0.028297472643810752,-0.12412838200616927,-0.19778210435681942,True,0.6246430144716677,-0.044363252378288906,-0.16924884325588918,-0.3392496000265326,True,0.9011205684888862
84,0.35,daily,2,aggressive,matrix,-0.02832525553845227,-0.11927524810445289,-0.19778210435681942,True,0.6679672963636683,-0.07597321595477152,-0.16226566648486274,-0.3392496000265326,True,0.6762473131433394
21,0.5,monthly,1,default,matrix,-0.028355491613958644,-0.1412037721582694,-0.19778210435681942,True,0.6935244703204498,-0.07653397975758904,-0.1810387719673212,-0.3392496000265326,True,0.7671174746128121
252,0.5,weekly,1,aggressive,matrix,-0.02838219649948344,-0.12651987507493345,-0.19778210435681942,True,0.683911938792505,-0.0442044550771183,-0.18965703283657942,-0.3392496000265326,True,0.9629210160941895
42,0.25,monthly,2,default,matrix,-0.02847461399524248,-0.11445109215481664,-0.19778210435681942,True,0.6697435764462267,-0.08305156784596104,-0.17195683043332266,-0.3392496000265326,True,0.6056667818108072
21,0.15,monthly,1,default,matrix,-0.028707903041764377,-0.1412037721582695,-0.19778210435681942,True,0.6679974370765389,-0.07014370198337118,-0.17755738501784146,-0.3392496000265326,True,0.7479224159391302
126,0.5,monthly,1,default,matrix,-0.028721775385139814,-0.1340310267382322,-0.19778210435681942,True,0.7008219544851112,-0.08455835437350709,-0.13410105362135272,-0.3392496000265326,True,0.636066585617794
42,0.35,weekly,2,default,matrix,-0.02886170546007473,-0.11801780361375769,-0.19778210435681942,True,0.7084424256227059,-0.06931890341998852,-0.1553726819687311,-0.3392496000265326,True,0.7941964356177277
21,0.35,monthly,1,default,matrix,-0.02892227106324883,-0.1412037721582695,-0.19778210435681942,True,0.66297461991017,-0.07200658241634424,-0.1894321899225324,-0.3392496000265326,True,0.7534257458303454
126,0.35,monthly,1,default,matrix,-0.02912883129460689,-0.1340310267382322,-0.19778210435681942,True,0.6828691218668547,-0.08092588012394904,-0.13410105362135272,-0.3392496000265326,True,0.6533583249296405
84,0.35,monthly,1,aggressive,matrix,-0.029238116899491094,-0.16265220037029549,-0.19778210435681942,True,0.5811730973269276,-0.06237329798490694,-0.16924884325588907,-0.3392496000265326,True,0.7587456745074104
63,0.35,daily,2,aggressive,matrix,-0.029271396929124227,-0.1294914119607511,-0.19778210435681942,True,0.6500099462665556,-0.060205832053004296,-0.16024146378423243,-0.3392496000265326,True,0.835758648649747
84,0.5,weekly,1,aggressive,matrix,-0.02934574451793079,-0.15391391269654076,-0.19778210435681942,True,0.6408497499092114,-0.0651005403821627,-0.18965703283657953,-0.3392496000265326,True,0.7567377971168141
63,0.35,monthly,2,default,matrix,-0.029680503965756187,-0.11536089223628854,-0.19778210435681942,True,0.6459603126089233,-0.08382428988458832,-0.14929717523513109,-0.3392496000265326,True,0.6356470085314021
21,0.35,weekly,2,aggressive,matrix,-0.029744814604821403,-0.15624285986368303,-0.19778210435681942,True,0.5999083154895826,-0.0518803710791715,-0.15788759113894724,-0.3392496000265326,True,0.8631898183963252
21,0.25,monthly,2,aggressive,matrix,-0.029782488951579235,-0.15992248119869035,-0.19778210435681942,True,0.5385733459264587,-0.05028025199472427,-0.18759786184733918,-0.3392496000265326,True,0.8221453988578624
126,0.35,monthly,2,aggressive,matrix,-0.03004669740663212,-0.14789080120011955,-0.19778210435681942,True,0.5810394217292875,-0.0711522425178568,-0.16924884325588918,-0.3392496000265326,True,0.6632331449909228
63,0.35,weekly,1,aggressive,matrix,-0.03012684571354346,-0.1346815463996981,-0.19778210435681942,True,0.620423836533179,-0.06619180784704816,-0.18965703283657953,-0.3392496000265326,True,0.7479400765738851
84,0.35,weekly,1,aggressive,matrix,-0.03016468816668858,-0.15834293505384733,-0.19778210435681942,True,0.6355969964230693,-0.0740659637855597,-0.18965703283657964,-0.3392496000265326,True,0.6605759417446125
252,0.5,daily,2,default,matrix,-0.030326529594902896,-0.09291538294272694,-0.19778210435681942,True,0.798149243902447,-0.05793870958505937,-0.10080104334182238,-0.3392496000265326,True,1.0194941683591965
63,0.35,monthly,1,default,matrix,-0.03035236734464799,-0.12850979265588625,-0.19778210435681942,True,0.6453494387529788,-0.07841357399700351,-0.16758162991233794,-0.3392496000265326,True,0.6896645003281763
21,0.25,monthly,1,default,matrix,-0.030610617110692025,-0.1412037721582694,-0.19778210435681942,True,0.6448358012807157,-0.07102100471025571,-0.17755738501784135,-0.3392496000265326,True,0.7506985606463331
252,0.35,daily,2,default,matrix,-0.03069076461241206,-0.08171589470419738,-0.19778210435681942,True,0.7889220213044869,-0.05454744275759407,-0.10080104334182238,-0.3392496000265326,True,1.0444981242973757
63,0.5,daily,2,aggressive,matrix,-0.030918288530740287,-0.12128525840772675,-0.19778210435681942,True,0.630555023131074,-0.0663710923086536,-0.17965998052183918,-0.3392496000265326,True,0.774360233235415
42,0.25,weekly,2,default,matrix,-0.030929819473130372,-0.12321470729913175,-0.19778210435681942,True,0.678014067294695,-0.07377099755933693,-0.15537268196873089,-0.3392496000265326,True,0.743256423689946
84,0.25,monthly,2,aggressive,matrix,-0.03112101680730598,-0.1584287072764291,-0.19778210435681942,True,0.5523845569770947,-0.06500993239333806,-0.16924884325588907,-0.3392496000265326,True,0.7165555180468982
21,0.5,monthly,2,default,matrix,-0.03114821695810311,-0.16225568113022182,-0.19778210435681942,True,0.6328016645564231,-0.08142849384761308,-0.177161555749773,-0.3392496000265326,True,0.6626729263660587
21,0.25,weekly,2,aggressive,matrix,-0.031216992753907914,-0.15188518024776687,-0.19778210435681942,True,0.5781346522619891,-0.04404398151129711,-0.15885281015262287,-0.3392496000265326,True,0.9214188490402283
84,0.15,weekly,1,aggressive,matrix,-0.03123083747944439,-0.16049405646714987,-0.19778210435681942,True,0.6125749654661434,-0.07773985395249124,-0.18965703283657953,-0.3392496000265326,True,0.6164851024442914
63,0.5,monthly,2,default,matrix,-0.031454756424926955,-0.11536089223628843,-0.19778210435681942,True,0.6324087686926303,-0.0788622903804219,-0.14461656612304874,-0.3392496000265326,True,0.6999648954843181
126,0.15,daily,2,aggressive,matrix,-0.03161709384282692,-0.1418605940906148,-0.19778210435681942,True,0.6288926085352635,-0.07030317417738434,-0.1576834569935449,-0.3392496000265326,True,0.7000903321890075
84,0.15,monthly,1,default,matrix,-0.03192403495972271,-0.13970175929205697,-0.19778210435681942,True,0.6313099970346621,-0.07946404398571207,-0.1341010536213526,-0.3392496000265326,True,0.6997220078922328
252,0.25,daily,2,default,matrix,-0.03195481865878834,-0.0817158947041976,-0.19778210435681942,True,0.7663788783085851,-0.05216762929266611,-0.09587638108661678,-0.3392496000265326,True,1.064559311643225
21,0.5,daily,2,default,matrix,-0.03213202397528681,-0.12207987254057184,-0.19778210435681942,True,0.7236738918649669,-0.04617366227676595,-0.09904043964715659,-0.3392496000265326,True,1.1491550084778825
63,0.15,weekly,1,aggressive,matrix,-0.03250858440493577,-0.15471528673491797,-0.19778210435681942,True,0.5866970025909413,-0.0657025084315157,-0.18965703283657953,-0.3392496000265326,True,0.740882073702265
63,0.25,daily,2,aggressive,matrix,-0.03266030321403867,-0.11822584517200363,-0.19778210435681942,True,0.6067676945552984,-0.06569831192661955,-0.16155670643300146,-0.3392496000265326,True,0.7761531815151754
84,0.5,monthly,1,default,matrix,-0.032854010378056554,-0.15877820857033742,-0.19778210435681942,True,0.6283213508549723,-0.0795662760206938,-0.1341010536213525,-0.3392496000265326,True,0.6980815272782579
63,0.15,daily,2,aggressive,matrix,-0.03299381479623869,-0.1201571972584119,-0.19778210435681942,True,0.5984975455550946,-0.06770077512045646,-0.15361887152645548,-0.3392496000265326,True,0.7350778621022116
84,0.5,monthly,2,default,matrix,-0.03319062756156419,-0.13874470047202137,-0.19778210435681942,True,0.6287905279295405,-0.07926890133542502,-0.1341010536213526,-0.3392496000265326,True,0.7198811795471874
84,0.25,weekly,1,aggressive,matrix,-0.0333551597824317,-0.17374435059303805,-0.19778210435681942,True,0.5893471585646196,-0.08375933120105122,-0.18965703283657942,-0.3392496000265326,True,0.5629090030923267
252,0.25,weekly,1,default,matrix,-0.03366836255395706,-0.11794848073785524,-0.19778210435681942,True,0.7218135785852038,-0.0597096750292747,-0.15537268196873089,-0.3392496000265326,True,0.9449130330682489
21,0.5,weekly,2,aggressive,matrix,-0.033862575553546784,-0.16856580030155832,-0.19778210435681942,True,0.5691809296515905,-0.06287202294771904,-0.15788759113894713,-0.3392496000265326,True,0.7642810812844004
126,0.25,daily,2,aggressive,matrix,-0.0340351701128449,-0.14997761684588062,-0.19778210435681942,True,0.6058452874024267,-0.06998095300746619,-0.1576834569935449,-0.3392496000265326,True,0.7160311161528976
21,0.15,daily,2,default,matrix,-0.03410019746025827,-0.10840971613932415,-0.19778210435681942,True,0.677590146599893,-0.04215277755432503,-0.12755761793653786,-0.3392496000265326,True,1.1332650857457556
63,0.5,weekly,1,aggressive,matrix,-0.0341423138896665,-0.13618777543701888,-0.19778210435681942,True,0.5820396573069047,-0.05641914674543029,-0.15885281015262287,-0.3392496000265326,True,0.8509902928281387
63,0.25,weekly,1,aggressive,matrix,-0.03415050820956143,-0.14666842911422107,-0.19778210435681942,True,0.5715513834295787,-0.0678108654907361,-0.18965703283657942,-0.3392496000265326,True,0.7245631288226305
252,0.15,weekly,1,default,matrix,-0.03419302169356302,-0.11794848073785513,-0.19778210435681942,True,0.7164522012728654,-0.06461469125176865,-0.1553726819687311,-0.3392496000265326,True,0.8716026473104911
21,0.15,monthly,2,aggressive,matrix,-0.034259861896239155,-0.15992248119869024,-0.19778210435681942,True,0.4985715469684819,-0.05792512740444346,-0.17286578687555665,-0.3392496000265326,True,0.7256522629540925
252,0.5,monthly,2,default,matrix,-0.03442083849028001,-0.10810483409726324,-0.19778210435681942,True,0.6387895890965609,-0.06165470820423438,-0.1341010536213526,-0.3392496000265326,True,0.8912319609998628
84,0.15,monthly,2,aggressive,matrix,-0.03471353554105402,-0.16567358398333276,-0.19778210435681942,True,0.5103541387257304,-0.06849342913610885,-0.16924884325588918,-0.3392496000265326,True,0.6848407265248777
252,0.35,monthly,1,default,matrix,-0.034825103734838624,-0.10810483409726312,-0.19778210435681942,True,0.64404530515126,-0.060816564874861534,-0.1341010536213526,-0.3392496000265326,True,0.8839543248210775
252,0.5,weekly,2,aggressive,matrix,-0.034930214371468184,-0.16067077878697633,-0.19778210435681942,True,0.5956481537753665,-0.05717297722523959,-0.18965703283657953,-0.3392496000265326,True,0.8381270045376238
252,0.35,weekly,2,aggressive,matrix,-0.035426282760040256,-0.1594950237304722,-0.19778210435681942,True,0.5902938203822533,-0.04861516840910078,-0.18965703283657942,-0.3392496000265326,True,0.9092499912707311
252,0.15,monthly,1,default,matrix,-0.035436723111560764,-0.10810483409726312,-0.19778210435681942,True,0.6431268455794855,-0.0646379518754568,-0.1341010536213525,-0.3392496000265326,True,0.8207084075683901
63,0.15,weekly,2,aggressive,matrix,-0.035564868537009964,-0.15129882653950721,-0.19778210435681942,True,0.5492970521038799,-0.08122651191962864,-0.1926465202555938,-0.3392496000265326,True,0.5709735840251958
252,0.15,daily,2,default,matrix,-0.035626961439256664,-0.08845499773329446,-0.19778210435681942,True,0.7076720515844748,-0.055122045218669646,-0.09587638108661678,-0.3392496000265326,True,1.0035746755458883
126,0.15,monthly,2,default,matrix,-0.035669923883596244,-0.1340310267382323,-0.19778210435681942,True,0.5981873972858512,-0.0911998426522968,-0.15553991502216669,-0.3392496000265326,True,0.5322678270615314
42,0.5,weekly,2,default,matrix,-0.035683686691191735,-0.11794848073785524,-0.19778210435681942,True,0.6462114827368947,-0.08158677518227914,-0.155372681968731,-0.3392496000265326,True,0.6752240979098567
63,0.5,monthly,1,default,matrix,-0.035718051217901454,-0.12850979265588636,-0.19778210435681942,True,0.591889428000918,-0.07036977845751285,-0.14461656612304874,-0.3392496000265326,True,0.7983067441428782
126,0.25,monthly,1,default,matrix,-0.03584539114820783,-0.1340310267382323,-0.19778210435681942,True,0.5962672885589876,-0.0857013241621555,-0.13410105362135272,-0.3392496000265326,True,0.6064058451149962
252,0.25,monthly,1,default,matrix,-0.03596053043353098,-0.10810483409726312,-0.19778210435681942,True,0.6369707492447026,-0.06385107965037523,-0.1341010536213525,-0.3392496000265326,True,0.830036184830357
84,0.25,monthly,1,default,matrix,-0.0360866066848297,-0.15466111541031435,-0.19778210435681942,True,0.5861445552922009,-0.08341720711466191,-0.1341010536213526,-0.3392496000265326,True,0.6622164619320806
84,0.25,daily,2,aggressive,matrix,-0.03630245956075303,-0.1359183244281702,-0.19778210435681942,True,0.5799077132293572,-0.07236906909222832,-0.15231682728247464,-0.3392496000265326,True,0.7020868247007783
126,0.15,monthly,1,default,matrix,-0.03636208063679227,-0.1340310267382323,-0.19778210435681942,True,0.5862000541612231,-0.08676675432756821,-0.1341010536213525,-0.3392496000265326,True,0.5963626559417544
126,0.15,weekly,2,aggressive,matrix,-0.03649500043284284,-0.1935819371067823,-0.19778210435681942,True,0.5565277639665324,-0.07305972755265598,-0.18965703283657953,-0.3392496000265326,True,0.6568803954495258
126,0.5,monthly,2,default,matrix,-0.03656464539043432,-0.1340310267382323,-0.19778210435681942,True,0.6030986969064038,-0.08793199023451953,-0.1358897758151959,-0.3392496000265326,True,0.5904830533826416
252,0.15,monthly,2,default,matrix,-0.036670862805149335,-0.10810483409726324,-0.19778210435681942,True,0.6174856291123185,-0.060105041082347016,-0.1341010536213525,-0.3392496000265326,True,0.8629081080226164
252,0.5,monthly,1,default,matrix,-0.036683378021415,-0.10810483409726312,-0.19778210435681942,True,0.6198286790736206,-0.06029049845820314,-0.1341010536213526,-0.3392496000265326,True,0.8977394056719414
84,0.5,daily,2,default,matrix,-0.03670141541303997,-0.10841980251242456,-0.19778210435681942,True,0.6723801686690485,-0.09078234053843728,-0.1484976661669114,-0.3392496000265326,True,0.6277513383975563
252,0.35,monthly,2,default,matrix,-0.03671173556704039,-0.10810483409726324,-0.19778210435681942,True,0.6232678824815222,-0.051962356480856786,-0.1341010536213526,-0.3392496000265326,True,0.9687354341604513
126,0.25,monthly,2,default,matrix,-0.03693445891176474,-0.13403102673823253,-0.19778210435681942,True,0.5918742763501843,-0.08575837136586231,-0.13817593624187474,-0.3392496000265326,True,0.6120662340780774
126,0.25,weekly,2,aggressive,matrix,-0.03697748861412168,-0.18377025128368452,-0.19778210435681942,True,0.5544001202974741,-0.07369184057618143,-0.18965703283657953,-0.3392496000265326,True,0.6496096276657308
84,0.35,monthly,2,default,matrix,-0.036986290887381285,-0.1497803264680082,-0.19778210435681942,True,0.5756523681822173,-0.08205308223005645,-0.1341010536213526,-0.3392496000265326,True,0.6815052357034413
252,0.35,weekly,1,default,matrix,-0.03712693986936068,-0.11773512427479105,-0.19778210435681942,True,0.6802988857382705,-0.058101171835910126,-0.155372681968731,-0.3392496000265326,True,0.9656973842086601
252,0.25,monthly,2,default,matrix,-0.037146398640266566,-0.10810483409726312,-0.19778210435681942,True,0.614799099502625,-0.0587467892255136,-0.1341010536213525,-0.3392496000265326,True,0.8858391771114094
84,0.35,daily,2,default,matrix,-0.037174181534908084,-0.11101650487602022,-0.19778210435681942,True,0.6602470890345512,-0.0903567528019962,-0.1390467901952015,-0.3392496000265326,True,0.6282534669436587
252,0.5,weekly,1,default,matrix,-0.03723112249593924,-0.11714166122756942,-0.19778210435681942,True,0.6781259839964068,-0.05858799192434298,-0.155372681968731,-0.3392496000265326,True,0.9600337266742304
252,0.25,weekly,2,aggressive,matrix,-0.03732296718901294,-0.16009997665949993,-0.19778210435681942,True,0.5682737652576529,-0.05525495579394449,-0.18965703283657953,-0.3392496000265326,True,0.8372695513827801
126,0.5,daily,2,aggressive,matrix,-0.0377480359952649,-0.1406402334618947,-0.19778210435681942,True,0.5661469676245504,-0.06200519705383682,-0.14522178680957443,-0.3392496000265326,True,0.8070719715614655
126,0.35,daily,2,aggressive,matrix,-0.03779104600364771,-0.14615567053668066,-0.19778210435681942,True,0.568236255103259,-0.06382206632927141,-0.15768345699354502,-0.3392496000265326,True,0.7809351569958064
84,0.35,monthly,1,default,matrix,-0.0380870428959469,-0.15138815932574812,-0.19778210435681942,True,0.5648316179890663,-0.07675683483213164,-0.1341010536213526,-0.3392496000265326,True,0.7259072900272697
63,0.35,daily,2,default,matrix,-0.038120322925580014,-0.11842483543864624,-0.19778210435681942,True,0.639165088640475,-0.074589368900229,-0.14007365075344214,-0.3392496000265326,True,0.8157022232227438
84,0.5,weekly,1,default,matrix,-0.03819467051438659,-0.13678487566376762,-0.19778210435681942,True,0.6294995320001505,-0.0794840772293874,-0.155372681968731,-0.3392496000265326,True,0.7253690016112845
126,0.35,weekly,1,aggressive,matrix,-0.038487788355167474,-0.17808109982184273,-0.19778210435681942,True,0.5530572184048278,-0.06098793556051137,-0.18965703283657953,-0.3392496000265326,True,0.7797018407904562
21,0.35,weekly,2,default,matrix,-0.038593740601277196,-0.14373138784600858,-0.19778210435681942,True,0.5848630279543956,-0.0662639079263962,-0.13209604943656617,-0.3392496000265326,True,0.8520172195122767
21,0.25,monthly,2,default,matrix,-0.038631414948035035,-0.1412037721582694,-0.19778210435681942,True,0.5202241999219891,-0.06466378884194897,-0.1674938666627066,-0.3392496000265326,True,0.803024957468113
126,0.35,monthly,2,default,matrix,-0.03889562340308794,-0.13403102673823275,-0.19778210435681942,True,0.5628494808611152,-0.0855357793650815,-0.13817593624187463,-0.3392496000265326,True,0.6155264274982416
63,0.35,weekly,1,default,matrix,-0.03897577170999926,-0.12928276295722052,-0.19778210435681942,True,0.6053940729268713,-0.08057534469427287,-0.1553726819687311,-0.3392496000265326,True,0.7136630275206473
84,0.35,weekly,1,default,matrix,-0.039013614163144396,-0.14130356370535357,-0.19778210435681942,True,0.6228256774466493,-0.0884495006327844,-0.155372681968731,-0.3392496000265326,True,0.6123040990966371
63,0.25,weekly,2,aggressive,matrix,-0.03902232105382172,-0.1588772050762578,-0.19778210435681942,True,0.5177248475780251,-0.07988136471704375,-0.18965703283657953,-0.3392496000265326,True,0.6043327746350393
63,0.35,weekly,2,aggressive,matrix,-0.03929543716763988,-0.15409702801334002,-0.19778210435681942,True,0.5178972138792455,-0.07506929181167625,-0.18965703283657953,-0.3392496000265326,True,0.6513159274320555
63,0.5,daily,2,default,matrix,-0.039767214527196094,-0.11011435893293142,-0.19778210435681942,True,0.6174523979565021,-0.08075462915587829,-0.16163481951161773,-0.3392496000265326,True,0.7454555603286346
84,0.25,monthly,2,default,matrix,-0.039969942803761795,-0.14710785160887585,-0.19778210435681942,True,0.531972525141542,-0.07939346924056277,-0.1341010536213525,-0.3392496000265326,True,0.6767191951422273
21,0.25,weekly,2,default,matrix,-0.04006591875036372,-0.1437313878460087,-0.19778210435681942,True,0.5595411499206279,-0.05842751835852179,-0.12902670778949854,-0.3392496000265326,True,0.9194237906386239
126,0.5,weekly,2,aggressive,matrix,-0.040069607654491295,-0.16947407824253746,-0.19778210435681942,True,0.5190931579028009,-0.07505618431294717,-0.18965703283657953,-0.3392496000265326,True,0.6541783393438763
84,0.15,weekly,1,default,matrix,-0.040079763475900206,-0.14349823463318345,-0.19778210435681942,True,0.5958055324914404,-0.09212339079971593,-0.1553726819687311,-0.3392496000265326,True,0.5603011074724784
126,0.5,weekly,1,aggressive,matrix,-0.04034855347518598,-0.17220638633629226,-0.19778210435681942,True,0.5284057263308464,-0.05895579780367401,-0.18965703283657953,-0.3392496000265326,True,0.8015960902483374
126,0.15,daily,2,default,matrix,-0.04046601983928274,-0.1244875372779789,-0.19778210435681942,True,0.6132922302162094,-0.08468671102460902,-0.12293647222337001,-0.3392496000265326,True,0.6571318812530622
126,0.35,weekly,2,aggressive,matrix,-0.040797088830351456,-0.17361186312581722,-0.19778210435681942,True,0.5162068207191612,-0.06808774800051279,-0.18965703283657942,-0.3392496000265326,True,0.7019079325049108
252,0.15,weekly,2,aggressive,matrix,-0.04084968341811709,-0.16100867573025168,-0.19778210435681942,True,0.5250740721487096,-0.05410927106171126,-0.18965703283657942,-0.3392496000265326,True,0.8339918194226864
63,0.15,weekly,1,default,matrix,-0.04135751040139159,-0.13760247354246857,-0.19778210435681942,True,0.5662062403645317,-0.08008604527874043,-0.1553726819687311,-0.3392496000265326,True,0.7050072980761475
63,0.25,daily,2,default,matrix,-0.04150922921049448,-0.10701605207668474,-0.19778210435681942,True,0.5889181944308385,-0.08008184877384428,-0.148872058267691,-0.3392496000265326,True,0.7442818497221708
63,0.15,daily,2,default,matrix,-0.04184274079269449,-0.1146677953675117,-0.19778210435681942,True,0.5790610640069056,-0.08208431196768114,-0.12863014282647944,-0.3392496000265326,True,0.6970091651553881
21,0.35,monthly,2,default,matrix,-0.04195755728792385,-0.18279153884694466,-0.19778210435681942,True,0.4783977475570467,-0.07084446853576877,-0.18440560876332457,-0.3392496000265326,True,0.7433059783839864
21,0.15,weekly,2,aggressive,matrix,-0.04196493669863392,-0.17797116577433958,-0.19778210435681942,True,0.4692673317226767,-0.035568937571451284,-0.16639623517913593,-0.3392496000265326,True,0.9952134756707155
84,0.25,weekly,1,default,matrix,-0.042204085778887505,-0.1570167813425657,-0.19778210435681942,True,0.5695538294087249,-0.09814286804827593,-0.155372681968731,-0.3392496000265326,True,0.49802840685996524
84,0.5,weekly,2,aggressive,matrix,-0.0424971885193711,-0.1614276501949895,-0.19778210435681942,True,0.49845191145748635,-0.07929838405444124,-0.18965703283657942,-0.3392496000265326,True,0.6179115623564155
63,0.5,weekly,2,aggressive,matrix,-0.04263003044808192,-0.15126046339179244,-0.19778210435681942,True,0.4801042915322863,-0.0830294097769406,-0.21185503085294322,-0.3392496000265326,True,0.5753908635502399
21,0.5,weekly,2,default,matrix,-0.04271150155000259,-0.1517333911523452,-0.19778210435681942,True,0.5508655459414826,-0.07725555979494368,-0.12303159961766574,-0.3392496000265326,True,0.7385148346741887
126,0.25,daily,2,default,matrix,-0.04288409610930072,-0.13276888939104536,-0.19778210435681942,True,0.5871631262828464,-0.08436448985469092,-0.12204635385027462,-0.3392496000265326,True,0.6755896881259265
63,0.5,weekly,1,default,matrix,-0.04299123988612231,-0.12928276295722063,-0.19778210435681942,True,0.5622043149569051,-0.07080268359265499,-0.13142092068792333,-0.3392496000265326,True,0.838108763845966
63,0.25,weekly,1,default,matrix,-0.042999434206017234,-0.12939270705912653,-0.19778210435681942,True,0.5489359191590004,-0.0821944023379608,-0.155372681968731,-0.3392496000265326,True,0.685955498956573
84,0.15,daily,2,aggressive,matrix,-0.04309354610356126,-0.14782093060334311,-0.19778210435681942,True,0.49938873943775874,-0.06710220896077962,-0.1544902892454333,-0.3392496000265326,True,0.752212767914956
21,0.15,monthly,2,default,matrix,-0.043108787892694955,-0.1412037721582694,-0.19778210435681942,True,0.4743157079317251,-0.07230866425166815,-0.15627799159515787,-0.3392496000265326,True,0.692718203522665
84,0.15,monthly,2,default,matrix,-0.04356246153750983,-0.15445018672986455,-0.19778210435681942,True,0.4840815221798597,-0.08287696598333355,-0.1341010536213525,-0.3392496000265326,True,0.6393519964257365
252,0.5,weekly,2,default,matrix,-0.04377914036792399,-0.14367853470142855,-0.19778210435681942,True,0.5754667603194867,-0.07155651407246429,-0.1553726819687311,-0.3392496000265326,True,0.8142073642405294
252,0.35,weekly,2,default,matrix,-0.044275208756496064,-0.1424789764501826,-0.19778210435681942,True,0.5685140242465754,-0.06299870525632544,-0.1553726819687311,-0.3392496000265326,True,0.8965388561030428
63,0.15,weekly,2,default,matrix,-0.044413794533465785,-0.134116847012702,-0.19778210435681942,True,0.5232425014316211,-0.09561004876685336,-0.17325695369921446,-0.3392496000265326,True,0.5097515538057702
126,0.15,weekly,1,default,matrix,-0.04498387008050138,-0.18310804649599866,-0.19778210435681942,True,0.5511434734787602,-0.0765873862112535,-0.155372681968731,-0.3392496000265326,True,0.7149637893733305
84,0.25,daily,2,default,matrix,-0.04515138555720882,-0.12627872562652553,-0.19778210435681942,True,0.5576527622332875,-0.086752605939453,-0.1288370359765365,-0.3392496000265326,True,0.6583933959971302
126,0.15,weekly,2,default,matrix,-0.04534392642929863,-0.1772559803625714,-0.19778210435681942,True,0.5300982889778716,-0.08744326439988068,-0.1553726819687311,-0.3392496000265326,True,0.6069280488494118
126,0.25,weekly,2,default,matrix,-0.04582641461057749,-0.1672456566794025,-0.19778210435681942,True,0.5280657465219397,-0.08807537742340613,-0.155372681968731,-0.3392496000265326,True,0.5993809087393535
126,0.25,weekly,1,default,matrix,-0.04602257307316998,-0.18310804649599866,-0.19778210435681942,True,0.5379768675147757,-0.07580930354202793,-0.155372681968731,-0.3392496000265326,True,0.7409288877158593
252,0.25,weekly,2,default,matrix,-0.04617189318546874,-0.14309617666855845,-0.19778210435681942,True,0.5428291918594729,-0.06963849264116917,-0.155372681968731,-0.3392496000265326,True,0.8121349817999868
126,0.5,daily,2,default,matrix,-0.04659696199172071,-0.12324247041343239,-0.19778210435681942,True,0.5425154094718617,-0.07638873390106153,-0.10905744977855647,-0.3392496000265326,True,0.7840499296031704
126,0.35,daily,2,default,matrix,-0.046639972000103516,-0.12886956766952085,-0.19778210435681942,True,0.543865513229217,-0.07820560317649612,-0.12204635385027462,-0.3392496000265326,True,0.7522209476934286
84,0.15,weekly,2,aggressive,matrix,-0.04673982625122566,-0.16118696210256633,-0.19778210435681942,True,0.43962969230845456,-0.08500653940151212,-0.18965703283657942,-0.3392496000265326,True,0.5529701691434313
126,0.35,weekly,1,default,matrix,-0.047336714351623295,-0.1614413281835244,-0.19778210435681942,True,0.5265759951441606,-0.07537147240773605,-0.155372681968731,-0.3392496000265326,True,0.7501336953944967
84,0.35,weekly,2,aggressive,matrix,-0.047559587556932584,-0.17131895161520627,-0.19778210435681942,True,0.4368720563740169,-0.08626353363495522,-0.18965703283657964,-0.3392496000265326,True,0.546921835038745
63,0.25,weekly,2,default,matrix,-0.04787124705027754,-0.14184865003964642,-0.19778210435681942,True,0.4872772253859141,-0.09426490156426845,-0.1604035453181375,-0.3392496000265326,True,0.5458323665864975
63,0.35,weekly,2,default,matrix,-0.04814436316409568,-0.13697169815539245,-0.19778210435681942,True,0.4876652435298921,-0.08945282865890096,-0.15751047085659442,-0.3392496000265326,True,0.6019073909305951
84,0.25,weekly,2,aggressive,matrix,-0.048571440720435885,-0.17370858515605891,-0.19778210435681942,True,0.42453625968946274,-0.08709223081996195,-0.18965703283657942,-0.3392496000265326,True,0.5298985795845853
126,0.5,weekly,2,default,matrix,-0.04891853365094711,-0.15266005720621334,-0.19778210435681942,True,0.4891833058144644,-0.08943972116017188,-0.155372681968731,-0.3392496000265326,True,0.6044062315414402
126,0.5,weekly,1,default,matrix,-0.049197479471641804,-0.15544768095546135,-0.19778210435681942,True,0.49933814452558173,-0.0733393346508987,-0.155372681968731,-0.3392496000265326,True,0.7768039026212581
126,0.35,weekly,2,default,matrix,-0.049646014826807264,-0.15688161166278225,-0.19778210435681942,True,0.48425112669862674,-0.08247128484773748,-0.155372681968731,-0.3392496000265326,True,0.6608000338616659
252,0.15,weekly,2,default,matrix,-0.04969860941457289,-0.14402327237798374,-0.19778210435681942,True,0.49282400667210313,-0.06849280790893596,-0.155372681968731,-0.3392496000265326,True,0.8085285054449981
21,0.15,weekly,2,default,matrix,-0.05081386269508974,-0.16821274979481482,-0.19778210435681942,True,0.43420066274067914,-0.04995247441867598,-0.14536039020612657,-0.3392496000265326,True,1.003724314974168
84,0.5,weekly,2,default,matrix,-0.05134611451582691,-0.14445072899274158,-0.19778210435681942,True,0.46518132332237183,-0.09368192090166594,-0.1553726819687311,-0.3392496000265326,True,0.5623209394741775
63,0.5,weekly,2,default,matrix,-0.05147895644453773,-0.13407770720196488,-0.19778210435681942,True,0.4451429620588952,-0.0974129466241653,-0.19453728500249834,-0.3392496000265326,True,0.5143555233436509
84,0.15,daily,2,default,matrix,-0.05194247210001706,-0.13840182091401765,-0.19778210435681942,True,0.46372451841606843,-0.08148574580800433,-0.1310034381772489,-0.3392496000265326,True,0.7157001625023354
84,0.15,weekly,2,default,matrix,-0.055588752247681464,-0.14420516816300488,-0.19778210435681942,True,0.39683335164406186,-0.09939007624873682,-0.155372681968731,-0.3392496000265326,True,0.4854803269142925
84,0.35,weekly,2,default,matrix,-0.056408513553388384,-0.1545422800930698,-0.19778210435681942,True,0.3939897091468806,-0.10064707048217991,-0.155372681968731,-0.3392496000265326,True,0.4790487446354049
84,0.25,weekly,2,default,matrix,-0.0574203667168917,-0.15698029183329287,-0.19778210435681942,True,0.37958247560050556,-0.10147576766718665,-0.155372681968731,-0.3392496000265326,True,0.4601124286359498
21,0.35,monthly,2,aggressive,matrix,-0.03310863129146805,-0.20060378221012043,-0.19778210435681942,False,0.501235911205926,-0.056460931688544075,-0.20044040773609706,-0.3392496000265326,True,0.7682818945701202
126,0.15,weekly,1,aggressive,matrix,-0.03613494408404557,-0.19931787893389052,-0.19778210435681942,False,0.5749563080942025,-0.06220384936402881,-0.18965703283657942,-0.3392496000265326,True,0.7493321277208524
126,0.25,weekly,1,aggressive,matrix,-0.03717364707671417,-0.19931787893389052,-0.19778210435681942,False,0.5633252662427986,-0.06142576669480325,-0.18965703283657964,-0.3392496000265326,True,0.7719880194996787
